segment,dir,time_period,mon,travel_time,,,
Bathurst-Spadina,EB,AM,09/01/2017 0:00,4.2,,,
Bathurst-Spadina,EB,AM,09/01/2017 1:00,5.1,,,
Bathurst-Spadina,EB,AM,09/01/2017 2:00,5,,,
Bathurst-Spadina,EB,AM,09/01/2017 3:00,3.5,,,
Bathurst-Spadina,EB,AM,09/01/2017 4:00,3.4,,,
Bathurst-Spadina,EB,AM,09/01/2017 5:00,4.5,,,
Bathurst-Spadina,EB,AM,09/01/2017 6:00,4.7,,,
Bathurst-Spadina,EB,AM,09/01/2017 7:00,5.3,,,
Bathurst-Spadina,EB,AM,09/01/2017 8:00,7.8,,,
Bathurst-Spadina,EB,AM,09/01/2017 9:00,9.5,,,
Bathurst-Spadina,EB,AM,09/01/2017 10:00,8.6,,,
Bathurst-Spadina,EB,AM,09/01/2017 11:00,7.5,,,
Bathurst-Spadina,EB,PM,09/01/2017 12:00,7.3,,,
Bathurst-Spadina,EB,PM,09/01/2017 13:00,6.8,,,
Bathurst-Spadina,EB,PM,09/01/2017 14:00,7.6,,,
Bathurst-Spadina,EB,PM,09/01/2017 15:00,7.9,,,
Bathurst-Spadina,EB,PM,09/01/2017 16:00,8.5,,,
Bathurst-Spadina,EB,PM,09/01/2017 17:00,9.3,,,
Bathurst-Spadina,EB,PM,09/01/2017 18:00,9.1,,,
Bathurst-Spadina,EB,PM,09/01/2017 19:00,8.9,,,
Bathurst-Spadina,EB,PM,09/01/2017 20:00,8.2,,,
Bathurst-Spadina,EB,PM,09/01/2017 21:00,6.5,,,
Bathurst-Spadina,EB,PM,09/01/2017 22:00,5.4,,,
Bathurst-Spadina,EB,PM,09/01/2017 23:00,5.2,,,
Bathurst-Spadina,WB,AM,09/01/2017 0:00,3.5,,,
Bathurst-Spadina,WB,AM,09/01/2017 1:00,4.8,,,
Bathurst-Spadina,WB,AM,09/01/2017 2:00,4.9,,,
Bathurst-Spadina,WB,AM,09/01/2017 3:00,3.6,,,
Bathurst-Spadina,WB,AM,09/01/2017 4:00,3.5,,,
Bathurst-Spadina,WB,AM,09/01/2017 5:00,4.7,,,
Bathurst-Spadina,WB,AM,09/01/2017 6:00,4.8,,,
Bathurst-Spadina,WB,AM,09/01/2017 7:00,5.2,,,
Bathurst-Spadina,WB,AM,09/01/2017 8:00,7.3,,,
Bathurst-Spadina,WB,AM,09/01/2017 9:00,8.9,,,
Bathurst-Spadina,WB,AM,09/01/2017 10:00,8.1,,,
Bathurst-Spadina,WB,AM,09/01/2017 11:00,7.8,,,
Bathurst-Spadina,WB,PM,09/01/2017 12:00,7.3,,,
Bathurst-Spadina,WB,PM,09/01/2017 13:00,6.9,,,
Bathurst-Spadina,WB,PM,09/01/2017 14:00,7.2,,,
Bathurst-Spadina,WB,PM,09/01/2017 15:00,7.3,,,
Bathurst-Spadina,WB,PM,09/01/2017 16:00,8.4,,,
Bathurst-Spadina,WB,PM,09/01/2017 17:00,9.6,,,
Bathurst-Spadina,WB,PM,09/01/2017 18:00,9,,,
Bathurst-Spadina,WB,PM,09/01/2017 19:00,8.9,,,
Bathurst-Spadina,WB,PM,09/01/2017 20:00,7.6,,,
Bathurst-Spadina,WB,PM,09/01/2017 21:00,5.5,,,
Bathurst-Spadina,WB,PM,09/01/2017 22:00,5,,,
Bathurst-Spadina,WB,PM,09/01/2017 23:00,4.6,,,
Bathurst-Spadina,EB,AM,09/16/2017 0:00,4.3,,,
Bathurst-Spadina,EB,AM,09/16/2017 1:00,5,,,
Bathurst-Spadina,EB,AM,09/16/2017 2:00,3.7,,,
Bathurst-Spadina,EB,AM,09/16/2017 3:00,3.5,,,
Bathurst-Spadina,EB,AM,09/16/2017 4:00,3.6,,,
Bathurst-Spadina,EB,AM,09/16/2017 5:00,4.2,,,
Bathurst-Spadina,EB,AM,09/16/2017 6:00,4.7,,,
Bathurst-Spadina,EB,AM,09/16/2017 7:00,4.8,,,
Bathurst-Spadina,EB,AM,09/16/2017 8:00,5.1,,,
Bathurst-Spadina,EB,AM,09/16/2017 9:00,5.5,,,
Bathurst-Spadina,EB,AM,09/16/2017 10:00,5.8,,,
Bathurst-Spadina,EB,AM,09/16/2017 11:00,7.8,,,
Bathurst-Spadina,EB,PM,09/16/2017 12:00,9.5,,,
Bathurst-Spadina,EB,PM,09/16/2017 13:00,9.9,,,
Bathurst-Spadina,EB,PM,09/16/2017 14:00,9.4,,,
Bathurst-Spadina,EB,PM,09/16/2017 15:00,9.6,,,
Bathurst-Spadina,EB,PM,09/16/2017 16:00,9.5,,,
Bathurst-Spadina,EB,PM,09/16/2017 17:00,8.9,,,
Bathurst-Spadina,EB,PM,09/16/2017 18:00,12,,,
Bathurst-Spadina,EB,PM,09/16/2017 19:00,12.5,,,
Bathurst-Spadina,EB,PM,09/16/2017 20:00,11.7,,,
Bathurst-Spadina,EB,PM,09/16/2017 21:00,8.5,,,
Bathurst-Spadina,EB,PM,09/16/2017 22:00,5,,,
Bathurst-Spadina,EB,PM,09/16/2017 23:00,5.2,,,
Bathurst-Spadina,WB,AM,09/16/2017 0:00,4.2,,,3.78
Bathurst-Spadina,WB,AM,09/16/2017 1:00,3.8,,,4.59
Bathurst-Spadina,WB,AM,09/16/2017 2:00,3.7,,,4.5
Bathurst-Spadina,WB,AM,09/16/2017 3:00,3.5,,,3.15
Bathurst-Spadina,WB,AM,09/16/2017 4:00,4,,,3.7
Bathurst-Spadina,WB,AM,09/16/2017 5:00,3.8,,,4.05
Bathurst-Spadina,WB,AM,09/16/2017 6:00,4.2,,,4.23
Bathurst-Spadina,WB,AM,09/16/2017 7:00,4.5,,,4.77
Bathurst-Spadina,WB,AM,09/16/2017 8:00,5.3,,,7.02
Bathurst-Spadina,WB,AM,09/16/2017 9:00,6.4,,,8.55
Bathurst-Spadina,WB,AM,09/16/2017 10:00,7.2,,,7.74
Bathurst-Spadina,WB,AM,09/16/2017 11:00,8.6,,,6.75
Bathurst-Spadina,WB,PM,09/16/2017 12:00,8.9,,,6.57
Bathurst-Spadina,WB,PM,09/16/2017 13:00,9.5,,,6.3
Bathurst-Spadina,WB,PM,09/16/2017 14:00,9.7,,,6.84
Bathurst-Spadina,WB,PM,09/16/2017 15:00,9,,,7.11
Bathurst-Spadina,WB,PM,09/16/2017 16:00,8.5,,,7.65
Bathurst-Spadina,WB,PM,09/16/2017 17:00,9,,,8.37
Bathurst-Spadina,WB,PM,09/16/2017 18:00,9.5,,,8.19
Bathurst-Spadina,WB,PM,09/16/2017 19:00,9.9,,,8.01
Bathurst-Spadina,WB,PM,09/16/2017 20:00,10.2,,,7.38
Bathurst-Spadina,WB,PM,09/16/2017 21:00,8.7,,,5.85
Bathurst-Spadina,WB,PM,09/16/2017 22:00,6.5,,,4.86
Bathurst-Spadina,WB,PM,09/16/2017 23:00,5.4,,,4.68
Bathurst-Spadina,EB,AM,10/01/2017 0:00,4.6,,,
Bathurst-Spadina,EB,AM,10/01/2017 1:00,4.8,,,
Bathurst-Spadina,EB,AM,10/01/2017 2:00,4,,,
Bathurst-Spadina,EB,AM,10/01/2017 3:00,3.8,,,
Bathurst-Spadina,EB,AM,10/01/2017 4:00,3.9,,,
Bathurst-Spadina,EB,AM,10/01/2017 5:00,4.5,,,
Bathurst-Spadina,EB,AM,10/01/2017 6:00,5,,,
Bathurst-Spadina,EB,AM,10/01/2017 7:00,5.1,,,
Bathurst-Spadina,EB,AM,10/01/2017 8:00,5.4,,,
Bathurst-Spadina,EB,AM,10/01/2017 9:00,5.8,,,
Bathurst-Spadina,EB,AM,10/01/2017 10:00,6.1,,,
Bathurst-Spadina,EB,AM,10/01/2017 11:00,8.1,,,
Bathurst-Spadina,EB,PM,10/01/2017 12:00,9.8,,,
Bathurst-Spadina,EB,PM,10/01/2017 13:00,10.2,,,
Bathurst-Spadina,EB,PM,10/01/2017 14:00,9.7,,,
Bathurst-Spadina,EB,PM,10/01/2017 15:00,9.9,,,
Bathurst-Spadina,EB,PM,10/01/2017 16:00,9.8,,,
Bathurst-Spadina,EB,PM,10/01/2017 17:00,9.2,,,
Bathurst-Spadina,EB,PM,10/01/2017 18:00,10.5,,,
Bathurst-Spadina,EB,PM,10/01/2017 19:00,12.8,,,
Bathurst-Spadina,EB,PM,10/01/2017 20:00,12,,,
Bathurst-Spadina,EB,PM,10/01/2017 21:00,8.8,,,
Bathurst-Spadina,EB,PM,10/01/2017 22:00,5.6,,,
Bathurst-Spadina,EB,PM,10/01/2017 23:00,5.5,,,
Bathurst-Spadina,EB,AM,10/02/2017 0:00,4.5,,,
Bathurst-Spadina,EB,AM,10/02/2017 1:00,5.4,,,
Bathurst-Spadina,EB,AM,10/02/2017 2:00,5.3,,,
Bathurst-Spadina,EB,AM,10/02/2017 3:00,3.8,,,
Bathurst-Spadina,EB,AM,10/02/2017 4:00,3.7,,,
Bathurst-Spadina,EB,AM,10/02/2017 5:00,4.8,,,
Bathurst-Spadina,EB,AM,10/02/2017 6:00,5,,,
Bathurst-Spadina,EB,AM,10/02/2017 7:00,5.6,,,
Bathurst-Spadina,EB,AM,10/02/2017 8:00,8.1,,,
Bathurst-Spadina,EB,AM,10/02/2017 9:00,9.8,,,
Bathurst-Spadina,EB,AM,10/02/2017 10:00,8.9,,,
Bathurst-Spadina,EB,AM,10/02/2017 11:00,7.8,,,
Bathurst-Spadina,EB,PM,10/02/2017 12:00,7.6,,,
Bathurst-Spadina,EB,PM,10/02/2017 13:00,7.3,,,
Bathurst-Spadina,EB,PM,10/02/2017 14:00,7.9,,,
Bathurst-Spadina,EB,PM,10/02/2017 15:00,8.2,,,
Bathurst-Spadina,EB,PM,10/02/2017 16:00,8.8,,,
Bathurst-Spadina,EB,PM,10/02/2017 17:00,9.6,,,
Bathurst-Spadina,EB,PM,10/02/2017 18:00,9.4,,,
Bathurst-Spadina,EB,PM,10/02/2017 19:00,9.2,,,
Bathurst-Spadina,EB,PM,10/02/2017 20:00,8.5,,,
Bathurst-Spadina,EB,PM,10/02/2017 21:00,6.8,,,
Bathurst-Spadina,EB,PM,10/02/2017 22:00,5.7,,,
Bathurst-Spadina,EB,PM,10/02/2017 23:00,5.5,,,
Bathurst-Spadina,WB,AM,10/01/2017 0:00,4.5,,,
Bathurst-Spadina,WB,AM,10/01/2017 1:00,4.1,,,
Bathurst-Spadina,WB,AM,10/01/2017 2:00,4,,,
Bathurst-Spadina,WB,AM,10/01/2017 3:00,3.8,,,
Bathurst-Spadina,WB,AM,10/01/2017 4:00,3.9,,,
Bathurst-Spadina,WB,AM,10/01/2017 5:00,4.1,,,
Bathurst-Spadina,WB,AM,10/01/2017 6:00,4.5,,,
Bathurst-Spadina,WB,AM,10/01/2017 7:00,4.8,,,
Bathurst-Spadina,WB,AM,10/01/2017 8:00,5.6,,,
Bathurst-Spadina,WB,AM,10/01/2017 9:00,6.7,,,
Bathurst-Spadina,WB,AM,10/01/2017 10:00,7.5,,,
Bathurst-Spadina,WB,AM,10/01/2017 11:00,8.9,,,
Bathurst-Spadina,WB,PM,10/01/2017 12:00,9.2,,,
Bathurst-Spadina,WB,PM,10/01/2017 13:00,9.8,,,
Bathurst-Spadina,WB,PM,10/01/2017 14:00,10,,,
Bathurst-Spadina,WB,PM,10/01/2017 15:00,9.3,,,
Bathurst-Spadina,WB,PM,10/01/2017 16:00,8.8,,,
Bathurst-Spadina,WB,PM,10/01/2017 17:00,9.3,,,
Bathurst-Spadina,WB,PM,10/01/2017 18:00,9.8,,,
Bathurst-Spadina,WB,PM,10/01/2017 19:00,10.2,,,
Bathurst-Spadina,WB,PM,10/01/2017 20:00,10.5,,,
Bathurst-Spadina,WB,PM,10/01/2017 21:00,9,,,
Bathurst-Spadina,WB,PM,10/01/2017 22:00,6.8,,,
Bathurst-Spadina,WB,PM,10/01/2017 23:00,5.7,,,
Bathurst-Spadina,WB,AM,10/02/2017 0:00,3.8,,,
Bathurst-Spadina,WB,AM,10/02/2017 1:00,5.1,,,
Bathurst-Spadina,WB,AM,10/02/2017 2:00,5.2,,,
Bathurst-Spadina,WB,AM,10/02/2017 3:00,3.9,,,
Bathurst-Spadina,WB,AM,10/02/2017 4:00,3.8,,,
Bathurst-Spadina,WB,AM,10/02/2017 5:00,5,,,
Bathurst-Spadina,WB,AM,10/02/2017 6:00,5.1,,,
Bathurst-Spadina,WB,AM,10/02/2017 7:00,6,,,
Bathurst-Spadina,WB,AM,10/02/2017 8:00,7.6,,,
Bathurst-Spadina,WB,AM,10/02/2017 9:00,9.2,,,
Bathurst-Spadina,WB,AM,10/02/2017 10:00,8.4,,,
Bathurst-Spadina,WB,AM,10/02/2017 11:00,8.1,,,
Bathurst-Spadina,WB,PM,10/02/2017 12:00,7.6,,,
Bathurst-Spadina,WB,PM,10/02/2017 13:00,7,,,
Bathurst-Spadina,WB,PM,10/02/2017 14:00,7.5,,,
Bathurst-Spadina,WB,PM,10/02/2017 15:00,7.6,,,
Bathurst-Spadina,WB,PM,10/02/2017 16:00,8.7,,,
Bathurst-Spadina,WB,PM,10/02/2017 17:00,9.9,,,
Bathurst-Spadina,WB,PM,10/02/2017 18:00,9.7,,,
Bathurst-Spadina,WB,PM,10/02/2017 19:00,9.2,,,
Bathurst-Spadina,WB,PM,10/02/2017 20:00,7.9,,,
Bathurst-Spadina,WB,PM,10/02/2017 21:00,6,,,
Bathurst-Spadina,WB,PM,10/02/2017 22:00,5.3,,,
Bathurst-Spadina,WB,PM,10/02/2017 23:00,4.9,,,
Bathurst-Spadina,EB,AM,11/01/2017 0:00,4.3,,,
Bathurst-Spadina,EB,AM,11/01/2017 1:00,5.2,,,
Bathurst-Spadina,EB,AM,11/01/2017 2:00,5.1,,,
Bathurst-Spadina,EB,AM,11/01/2017 3:00,3.6,,,
Bathurst-Spadina,EB,AM,11/01/2017 4:00,3.5,,,
Bathurst-Spadina,EB,AM,11/01/2017 5:00,4.6,,,
Bathurst-Spadina,EB,AM,11/01/2017 6:00,4.8,,,
Bathurst-Spadina,EB,AM,11/01/2017 7:00,5.4,,,
Bathurst-Spadina,EB,AM,11/01/2017 8:00,7.9,,,
Bathurst-Spadina,EB,AM,11/01/2017 9:00,9.6,,,
Bathurst-Spadina,EB,AM,11/01/2017 10:00,8.7,,,
Bathurst-Spadina,EB,AM,11/01/2017 11:00,7.6,,,
Bathurst-Spadina,EB,PM,11/01/2017 12:00,7.4,,,
Bathurst-Spadina,EB,PM,11/01/2017 13:00,7.1,,,
Bathurst-Spadina,EB,PM,11/01/2017 14:00,7.7,,,
Bathurst-Spadina,EB,PM,11/01/2017 15:00,8,,,
Bathurst-Spadina,EB,PM,11/01/2017 16:00,8.6,,,
Bathurst-Spadina,EB,PM,11/01/2017 17:00,9.4,,,
Bathurst-Spadina,EB,PM,11/01/2017 18:00,9.2,,,
Bathurst-Spadina,EB,PM,11/01/2017 19:00,9,,,
Bathurst-Spadina,EB,PM,11/01/2017 20:00,8.3,,,
Bathurst-Spadina,EB,PM,11/01/2017 21:00,6.6,,,
Bathurst-Spadina,EB,PM,11/01/2017 22:00,5.5,,,
Bathurst-Spadina,EB,PM,11/01/2017 23:00,5.3,,,
Bathurst-Spadina,EB,AM,11/11/2017 0:00,4.4,,,
Bathurst-Spadina,EB,AM,11/11/2017 1:00,4.6,,,
Bathurst-Spadina,EB,AM,11/11/2017 2:00,3.8,,,
Bathurst-Spadina,EB,AM,11/11/2017 3:00,3.6,,,
Bathurst-Spadina,EB,AM,11/11/2017 4:00,3.7,,,
Bathurst-Spadina,EB,AM,11/11/2017 5:00,4.3,,,
Bathurst-Spadina,EB,AM,11/11/2017 6:00,4.8,,,
Bathurst-Spadina,EB,AM,11/11/2017 7:00,4.9,,,
Bathurst-Spadina,EB,AM,11/11/2017 8:00,5.2,,,
Bathurst-Spadina,EB,AM,11/11/2017 9:00,7.8,,,
Bathurst-Spadina,EB,AM,11/11/2017 10:00,5.9,,,
Bathurst-Spadina,EB,AM,11/11/2017 11:00,7.9,,,
Bathurst-Spadina,EB,PM,11/11/2017 12:00,9.6,,,
Bathurst-Spadina,EB,PM,11/11/2017 13:00,10,,,
Bathurst-Spadina,EB,PM,11/11/2017 14:00,9.5,,,
Bathurst-Spadina,EB,PM,11/11/2017 15:00,9.7,,,
Bathurst-Spadina,EB,PM,11/11/2017 16:00,9.6,,,
Bathurst-Spadina,EB,PM,11/11/2017 17:00,9,,,
Bathurst-Spadina,EB,PM,11/11/2017 18:00,10.3,,,
Bathurst-Spadina,EB,PM,11/11/2017 19:00,12.6,,,
Bathurst-Spadina,EB,PM,11/11/2017 20:00,11.8,,,
Bathurst-Spadina,EB,PM,11/11/2017 21:00,8.6,,,
Bathurst-Spadina,EB,PM,11/11/2017 22:00,5.4,,,
Bathurst-Spadina,EB,PM,11/11/2017 23:00,5.3,,,
Bathurst-Spadina,WB,AM,11/01/2017 0:00,3.6,,,
Bathurst-Spadina,WB,AM,11/01/2017 1:00,4.9,,,
Bathurst-Spadina,WB,AM,11/01/2017 2:00,5,,,
Bathurst-Spadina,WB,AM,11/01/2017 3:00,3.7,,,
Bathurst-Spadina,WB,AM,11/01/2017 4:00,3.6,,,
Bathurst-Spadina,WB,AM,11/01/2017 5:00,4.8,,,
Bathurst-Spadina,WB,AM,11/01/2017 6:00,4.9,,,
Bathurst-Spadina,WB,AM,11/01/2017 7:00,5.8,,,
Bathurst-Spadina,WB,AM,11/01/2017 8:00,6,,,
Bathurst-Spadina,WB,AM,11/01/2017 9:00,9.2,,,
Bathurst-Spadina,WB,AM,11/01/2017 10:00,8.5,,,
Bathurst-Spadina,WB,AM,11/01/2017 11:00,7.9,,,
Bathurst-Spadina,WB,PM,11/01/2017 12:00,7.4,,,
Bathurst-Spadina,WB,PM,11/01/2017 13:00,6.8,,,
Bathurst-Spadina,WB,PM,11/01/2017 14:00,7.3,,,
Bathurst-Spadina,WB,PM,11/01/2017 15:00,7.4,,,
Bathurst-Spadina,WB,PM,11/01/2017 16:00,8.5,,,
Bathurst-Spadina,WB,PM,11/01/2017 17:00,9.7,,,
Bathurst-Spadina,WB,PM,11/01/2017 18:00,9.5,,,
Bathurst-Spadina,WB,PM,11/01/2017 19:00,9,,,
Bathurst-Spadina,WB,PM,11/01/2017 20:00,7.7,,,
Bathurst-Spadina,WB,PM,11/01/2017 21:00,5.8,,,
Bathurst-Spadina,WB,PM,11/01/2017 22:00,5.1,,,
Bathurst-Spadina,WB,PM,11/01/2017 23:00,4.7,,,
Bathurst-Spadina,WB,AM,11/11/2017 0:00,4.3,,,
Bathurst-Spadina,WB,AM,11/11/2017 1:00,3.9,,,
Bathurst-Spadina,WB,AM,11/11/2017 2:00,3.8,,,
Bathurst-Spadina,WB,AM,11/11/2017 3:00,3.6,,,
Bathurst-Spadina,WB,AM,11/11/2017 4:00,3.7,,,
Bathurst-Spadina,WB,AM,11/11/2017 5:00,3.9,,,
Bathurst-Spadina,WB,AM,11/11/2017 6:00,4.3,,,
Bathurst-Spadina,WB,AM,11/11/2017 7:00,4.6,,,
Bathurst-Spadina,WB,AM,11/11/2017 8:00,6.3,,,
Bathurst-Spadina,WB,AM,11/11/2017 9:00,7.2,,,
Bathurst-Spadina,WB,AM,11/11/2017 10:00,8.5,,,
Bathurst-Spadina,WB,AM,11/11/2017 11:00,8.7,,,
Bathurst-Spadina,WB,PM,11/11/2017 12:00,9,,,
Bathurst-Spadina,WB,PM,11/11/2017 13:00,9.6,,,
Bathurst-Spadina,WB,PM,11/11/2017 14:00,9.8,,,
Bathurst-Spadina,WB,PM,11/11/2017 15:00,9.1,,,
Bathurst-Spadina,WB,PM,11/11/2017 16:00,8.6,,,
Bathurst-Spadina,WB,PM,11/11/2017 17:00,9.1,,,
Bathurst-Spadina,WB,PM,11/11/2017 18:00,9.6,,,
Bathurst-Spadina,WB,PM,11/11/2017 19:00,10,,,
Bathurst-Spadina,WB,PM,11/11/2017 20:00,10.3,,,
Bathurst-Spadina,WB,PM,11/11/2017 21:00,8.8,,,
Bathurst-Spadina,WB,PM,11/11/2017 22:00,6.6,,,
Bathurst-Spadina,WB,PM,11/11/2017 23:00,5.5,,,
Bathurst-Spadina,EB,AM,12/01/2017 0:00,4,,,
Bathurst-Spadina,EB,AM,12/01/2017 1:00,4.9,,,
Bathurst-Spadina,EB,AM,12/01/2017 2:00,4.8,,,
Bathurst-Spadina,EB,AM,12/01/2017 3:00,3.3,,,
Bathurst-Spadina,EB,AM,12/01/2017 4:00,3.2,,,
Bathurst-Spadina,EB,AM,12/01/2017 5:00,4.3,,,
Bathurst-Spadina,EB,AM,12/01/2017 6:00,4.5,,,
Bathurst-Spadina,EB,AM,12/01/2017 7:00,5.1,,,
Bathurst-Spadina,EB,AM,12/01/2017 8:00,7.6,,,
Bathurst-Spadina,EB,AM,12/01/2017 9:00,9.3,,,
Bathurst-Spadina,EB,AM,12/01/2017 10:00,8.4,,,
Bathurst-Spadina,EB,AM,12/01/2017 11:00,7.3,,,
Bathurst-Spadina,EB,PM,12/01/2017 12:00,7.1,,,
Bathurst-Spadina,EB,PM,12/01/2017 13:00,6.8,,,
Bathurst-Spadina,EB,PM,12/01/2017 14:00,7.4,,,
Bathurst-Spadina,EB,PM,12/01/2017 15:00,7.7,,,
Bathurst-Spadina,EB,PM,12/01/2017 16:00,8.3,,,
Bathurst-Spadina,EB,PM,12/01/2017 17:00,9.1,,,
Bathurst-Spadina,EB,PM,12/01/2017 18:00,8.9,,,
Bathurst-Spadina,EB,PM,12/01/2017 19:00,8.7,,,
Bathurst-Spadina,EB,PM,12/01/2017 20:00,8,,,
Bathurst-Spadina,EB,PM,12/01/2017 21:00,6.3,,,
Bathurst-Spadina,EB,PM,12/01/2017 22:00,5.2,,,
Bathurst-Spadina,EB,PM,12/01/2017 23:00,5,,,
Bathurst-Spadina,EB,AM,12/09/2017 0:00,3.3,,,
Bathurst-Spadina,EB,AM,12/09/2017 1:00,4.6,,,
Bathurst-Spadina,EB,AM,12/09/2017 2:00,4.7,,,
Bathurst-Spadina,EB,AM,12/09/2017 3:00,3.4,,,
Bathurst-Spadina,EB,AM,12/09/2017 4:00,3.3,,,
Bathurst-Spadina,EB,AM,12/09/2017 5:00,4.5,,,
Bathurst-Spadina,EB,AM,12/09/2017 6:00,4.6,,,
Bathurst-Spadina,EB,AM,12/09/2017 7:00,5.5,,,
Bathurst-Spadina,EB,AM,12/09/2017 8:00,5.7,,,
Bathurst-Spadina,EB,AM,12/09/2017 9:00,8.9,,,
Bathurst-Spadina,EB,AM,12/09/2017 10:00,8.2,,,
Bathurst-Spadina,EB,AM,12/09/2017 11:00,7.6,,,
Bathurst-Spadina,EB,PM,12/09/2017 12:00,7.1,,,
Bathurst-Spadina,EB,PM,12/09/2017 13:00,6.5,,,
Bathurst-Spadina,EB,PM,12/09/2017 14:00,7,,,
Bathurst-Spadina,EB,PM,12/09/2017 15:00,7.1,,,
Bathurst-Spadina,EB,PM,12/09/2017 16:00,8.2,,,
Bathurst-Spadina,EB,PM,12/09/2017 17:00,9.4,,,
Bathurst-Spadina,EB,PM,12/09/2017 18:00,9.2,,,
Bathurst-Spadina,EB,PM,12/09/2017 19:00,8.7,,,
Bathurst-Spadina,EB,PM,12/09/2017 20:00,7.4,,,
Bathurst-Spadina,EB,PM,12/09/2017 21:00,5.5,,,
Bathurst-Spadina,EB,PM,12/09/2017 22:00,4.8,,,
Bathurst-Spadina,EB,PM,12/09/2017 23:00,4.4,,,
Bathurst-Spadina,WB,AM,12/01/2017 0:00,4.1,,,
Bathurst-Spadina,WB,AM,12/01/2017 1:00,4.3,,,
Bathurst-Spadina,WB,AM,12/01/2017 2:00,3.5,,,
Bathurst-Spadina,WB,AM,12/01/2017 3:00,3.3,,,
Bathurst-Spadina,WB,AM,12/01/2017 4:00,3.4,,,
Bathurst-Spadina,WB,AM,12/01/2017 5:00,4,,,
Bathurst-Spadina,WB,AM,12/01/2017 6:00,4.5,,,
Bathurst-Spadina,WB,AM,12/01/2017 7:00,4.6,,,
Bathurst-Spadina,WB,AM,12/01/2017 8:00,4.9,,,
Bathurst-Spadina,WB,AM,12/01/2017 9:00,7.5,,,
Bathurst-Spadina,WB,AM,12/01/2017 10:00,5.6,,,
Bathurst-Spadina,WB,AM,12/01/2017 11:00,7.6,,,
Bathurst-Spadina,WB,PM,12/01/2017 12:00,9.3,,,
Bathurst-Spadina,WB,PM,12/01/2017 13:00,9.7,,,
Bathurst-Spadina,WB,PM,12/01/2017 14:00,9.2,,,
Bathurst-Spadina,WB,PM,12/01/2017 15:00,9.4,,,
Bathurst-Spadina,WB,PM,12/01/2017 16:00,9.3,,,
Bathurst-Spadina,WB,PM,12/01/2017 17:00,8.7,,,
Bathurst-Spadina,WB,PM,12/01/2017 18:00,10,,,
Bathurst-Spadina,WB,PM,12/01/2017 19:00,12.3,,,
Bathurst-Spadina,WB,PM,12/01/2017 20:00,11.5,,,
Bathurst-Spadina,WB,PM,12/01/2017 21:00,8.3,,,
Bathurst-Spadina,WB,PM,12/01/2017 22:00,5.1,,,
Bathurst-Spadina,WB,PM,12/01/2017 23:00,5,,,
Bathurst-Spadina,WB,AM,12/09/2017 0:00,4,,,
Bathurst-Spadina,WB,AM,12/09/2017 1:00,3.6,,,
Bathurst-Spadina,WB,AM,12/09/2017 2:00,3.5,,,
Bathurst-Spadina,WB,AM,12/09/2017 3:00,3.3,,,
Bathurst-Spadina,WB,AM,12/09/2017 4:00,3.4,,,
Bathurst-Spadina,WB,AM,12/09/2017 5:00,3.6,,,
Bathurst-Spadina,WB,AM,12/09/2017 6:00,4,,,
Bathurst-Spadina,WB,AM,12/09/2017 7:00,4.3,,,
Bathurst-Spadina,WB,AM,12/09/2017 8:00,6,,,
Bathurst-Spadina,WB,AM,12/09/2017 9:00,6.9,,,
Bathurst-Spadina,WB,AM,12/09/2017 10:00,8.2,,,
Bathurst-Spadina,WB,AM,12/09/2017 11:00,8.4,,,
Bathurst-Spadina,WB,PM,12/09/2017 12:00,8.7,,,
Bathurst-Spadina,WB,PM,12/09/2017 13:00,9.3,,,
Bathurst-Spadina,WB,PM,12/09/2017 14:00,9.5,,,
Bathurst-Spadina,WB,PM,12/09/2017 15:00,8.8,,,
Bathurst-Spadina,WB,PM,12/09/2017 16:00,8.3,,,
Bathurst-Spadina,WB,PM,12/09/2017 17:00,8.8,,,
Bathurst-Spadina,WB,PM,12/09/2017 18:00,9.3,,,
Bathurst-Spadina,WB,PM,12/09/2017 19:00,9.7,,,
Bathurst-Spadina,WB,PM,12/09/2017 20:00,10,,,
Bathurst-Spadina,WB,PM,12/09/2017 21:00,8.5,,,
Bathurst-Spadina,WB,PM,12/09/2017 22:00,6.3,,,
Bathurst-Spadina,WB,PM,12/09/2017 23:00,5.2,,,
Spadina-University,EB,AM,09/01/2017 0:00,4.62,,,
Spadina-University,EB,AM,09/01/2017 1:00,5.61,,,
Spadina-University,EB,AM,09/01/2017 2:00,5.5,,,
Spadina-University,EB,AM,09/01/2017 3:00,3.85,,,
Spadina-University,EB,AM,09/01/2017 4:00,3.74,,,
Spadina-University,EB,AM,09/01/2017 5:00,4.95,,,
Spadina-University,EB,AM,09/01/2017 6:00,5.17,,,
Spadina-University,EB,AM,09/01/2017 7:00,5.83,,,
Spadina-University,EB,AM,09/01/2017 8:00,8.58,,,
Spadina-University,EB,AM,09/01/2017 9:00,10.45,,,
Spadina-University,EB,AM,09/01/2017 10:00,9.46,,,
Spadina-University,EB,AM,09/01/2017 11:00,8.25,,,
Spadina-University,EB,PM,09/01/2017 12:00,8.03,,,
Spadina-University,EB,PM,09/01/2017 13:00,7.7,,,
Spadina-University,EB,PM,09/01/2017 14:00,8.36,,,
Spadina-University,EB,PM,09/01/2017 15:00,8.69,,,
Spadina-University,EB,PM,09/01/2017 16:00,9.35,,,
Spadina-University,EB,PM,09/01/2017 17:00,10.23,,,
Spadina-University,EB,PM,09/01/2017 18:00,10.01,,,
Spadina-University,EB,PM,09/01/2017 19:00,9.79,,,
Spadina-University,EB,PM,09/01/2017 20:00,9.02,,,
Spadina-University,EB,PM,09/01/2017 21:00,7.15,,,
Spadina-University,EB,PM,09/01/2017 22:00,5.94,,,
Spadina-University,EB,PM,09/01/2017 23:00,5.72,,,
Spadina-University,WB,AM,09/01/2017 0:00,3.85,,,
Spadina-University,WB,AM,09/01/2017 1:00,5.28,,,
Spadina-University,WB,AM,09/01/2017 2:00,5.39,,,
Spadina-University,WB,AM,09/01/2017 3:00,3.96,,,
Spadina-University,WB,AM,09/01/2017 4:00,3.85,,,
Spadina-University,WB,AM,09/01/2017 5:00,5.17,,,
Spadina-University,WB,AM,09/01/2017 6:00,5.3,,,
Spadina-University,WB,AM,09/01/2017 7:00,5.72,,,
Spadina-University,WB,AM,09/01/2017 8:00,8.03,,,
Spadina-University,WB,AM,09/01/2017 9:00,9.79,,,
Spadina-University,WB,AM,09/01/2017 10:00,8.91,,,
Spadina-University,WB,AM,09/01/2017 11:00,9,,,
Spadina-University,WB,PM,09/01/2017 12:00,8.03,,,
Spadina-University,WB,PM,09/01/2017 13:00,7.59,,,
Spadina-University,WB,PM,09/01/2017 14:00,7.92,,,
Spadina-University,WB,PM,09/01/2017 15:00,8.03,,,
Spadina-University,WB,PM,09/01/2017 16:00,9.24,,,
Spadina-University,WB,PM,09/01/2017 17:00,10.56,,,
Spadina-University,WB,PM,09/01/2017 18:00,10.34,,,
Spadina-University,WB,PM,09/01/2017 19:00,9.79,,,
Spadina-University,WB,PM,09/01/2017 20:00,8.36,,,
Spadina-University,WB,PM,09/01/2017 21:00,6.05,,,
Spadina-University,WB,PM,09/01/2017 22:00,5.5,,,
Spadina-University,WB,PM,09/01/2017 23:00,5.06,,,
Spadina-University,EB,AM,09/16/2017 0:00,4.73,,,
Spadina-University,EB,AM,09/16/2017 1:00,4.95,,,
Spadina-University,EB,AM,09/16/2017 2:00,4.07,,,
Spadina-University,EB,AM,09/16/2017 3:00,3.85,,,
Spadina-University,EB,AM,09/16/2017 4:00,3.96,,,
Spadina-University,EB,AM,09/16/2017 5:00,4.62,,,
Spadina-University,EB,AM,09/16/2017 6:00,5.17,,,
Spadina-University,EB,AM,09/16/2017 7:00,5.28,,,
Spadina-University,EB,AM,09/16/2017 8:00,5.61,,,
Spadina-University,EB,AM,09/16/2017 9:00,6.05,,,
Spadina-University,EB,AM,09/16/2017 10:00,6.38,,,
Spadina-University,EB,AM,09/16/2017 11:00,8.58,,,
Spadina-University,EB,PM,09/16/2017 12:00,10.45,,,
Spadina-University,EB,PM,09/16/2017 13:00,10.89,,,
Spadina-University,EB,PM,09/16/2017 14:00,10.34,,,
Spadina-University,EB,PM,09/16/2017 15:00,10.56,,,
Spadina-University,EB,PM,09/16/2017 16:00,10.45,,,
Spadina-University,EB,PM,09/16/2017 17:00,9.79,,,
Spadina-University,EB,PM,09/16/2017 18:00,11.22,,,
Spadina-University,EB,PM,09/16/2017 19:00,13.75,,,
Spadina-University,EB,PM,09/16/2017 20:00,12.87,,,
Spadina-University,EB,PM,09/16/2017 21:00,10,,,
Spadina-University,EB,PM,09/16/2017 22:00,5.83,,,
Spadina-University,EB,PM,09/16/2017 23:00,5.72,,,
Spadina-University,WB,AM,09/16/2017 0:00,4.62,,,
Spadina-University,WB,AM,09/16/2017 1:00,4.18,,,
Spadina-University,WB,AM,09/16/2017 2:00,4.07,,,
Spadina-University,WB,AM,09/16/2017 3:00,3,,,
Spadina-University,WB,AM,09/16/2017 4:00,3.96,,,
Spadina-University,WB,AM,09/16/2017 5:00,4.18,,,
Spadina-University,WB,AM,09/16/2017 6:00,4.62,,,
Spadina-University,WB,AM,09/16/2017 7:00,4.95,,,
Spadina-University,WB,AM,09/16/2017 8:00,5,,,
Spadina-University,WB,AM,09/16/2017 9:00,7.04,,,
Spadina-University,WB,AM,09/16/2017 10:00,7.92,,,
Spadina-University,WB,AM,09/16/2017 11:00,9.46,,,
Spadina-University,WB,PM,09/16/2017 12:00,9.79,,,
Spadina-University,WB,PM,09/16/2017 13:00,10.45,,,
Spadina-University,WB,PM,09/16/2017 14:00,10.67,,,
Spadina-University,WB,PM,09/16/2017 15:00,9.9,,,
Spadina-University,WB,PM,09/16/2017 16:00,9.35,,,
Spadina-University,WB,PM,09/16/2017 17:00,9.9,,,
Spadina-University,WB,PM,09/16/2017 18:00,10.45,,,
Spadina-University,WB,PM,09/16/2017 19:00,10.89,,,
Spadina-University,WB,PM,09/16/2017 20:00,11.22,,,
Spadina-University,WB,PM,09/16/2017 21:00,9.57,,,
Spadina-University,WB,PM,09/16/2017 22:00,7.15,,,
Spadina-University,WB,PM,09/16/2017 23:00,5.94,,,
Spadina-University,EB,AM,10/01/2017 0:00,5.06,,,
Spadina-University,EB,AM,10/01/2017 1:00,5.28,,,
Spadina-University,EB,AM,10/01/2017 2:00,4.4,,,
Spadina-University,EB,AM,10/01/2017 3:00,4.18,,,
Spadina-University,EB,AM,10/01/2017 4:00,4.29,,,
Spadina-University,EB,AM,10/01/2017 5:00,4.95,,,
Spadina-University,EB,AM,10/01/2017 6:00,5.5,,,
Spadina-University,EB,AM,10/01/2017 7:00,5.61,,,
Spadina-University,EB,AM,10/01/2017 8:00,5.94,,,
Spadina-University,EB,AM,10/01/2017 9:00,6.38,,,
Spadina-University,EB,AM,10/01/2017 10:00,6.71,,,
Spadina-University,EB,AM,10/01/2017 11:00,8.91,,,
Spadina-University,EB,PM,10/01/2017 12:00,10.78,,,
Spadina-University,EB,PM,10/01/2017 13:00,11.22,,,
Spadina-University,EB,PM,10/01/2017 14:00,10.67,,,
Spadina-University,EB,PM,10/01/2017 15:00,10.89,,,
Spadina-University,EB,PM,10/01/2017 16:00,10.78,,,
Spadina-University,EB,PM,10/01/2017 17:00,10.12,,,
Spadina-University,EB,PM,10/01/2017 18:00,11.55,,,
Spadina-University,EB,PM,10/01/2017 19:00,14.08,,,
Spadina-University,EB,PM,10/01/2017 20:00,13.2,,,
Spadina-University,EB,PM,10/01/2017 21:00,9.68,,,
Spadina-University,EB,PM,10/01/2017 22:00,6.16,,,
Spadina-University,EB,PM,10/01/2017 23:00,6.05,,,
Spadina-University,EB,AM,10/02/2017 0:00,4.95,,,
Spadina-University,EB,AM,10/02/2017 1:00,6,,,
Spadina-University,EB,AM,10/02/2017 2:00,5.83,,,
Spadina-University,EB,AM,10/02/2017 3:00,4.18,,,
Spadina-University,EB,AM,10/02/2017 4:00,4.07,,,
Spadina-University,EB,AM,10/02/2017 5:00,5.2,,,
Spadina-University,EB,AM,10/02/2017 6:00,5.5,,,
Spadina-University,EB,AM,10/02/2017 7:00,6.16,,,
Spadina-University,EB,AM,10/02/2017 8:00,8.91,,,
Spadina-University,EB,AM,10/02/2017 9:00,10.78,,,
Spadina-University,EB,AM,10/02/2017 10:00,9.5,,,
Spadina-University,EB,AM,10/02/2017 11:00,8.58,,,
Spadina-University,EB,PM,10/02/2017 12:00,8.36,,,
Spadina-University,EB,PM,10/02/2017 13:00,8.03,,,
Spadina-University,EB,PM,10/02/2017 14:00,8.69,,,
Spadina-University,EB,PM,10/02/2017 15:00,9.02,,,
Spadina-University,EB,PM,10/02/2017 16:00,9.68,,,
Spadina-University,EB,PM,10/02/2017 17:00,10.56,,,
Spadina-University,EB,PM,10/02/2017 18:00,10.34,,,
Spadina-University,EB,PM,10/02/2017 19:00,10.12,,,
Spadina-University,EB,PM,10/02/2017 20:00,9.35,,,
Spadina-University,EB,PM,10/02/2017 21:00,7.9,,,
Spadina-University,EB,PM,10/02/2017 22:00,6.27,,,
Spadina-University,EB,PM,10/02/2017 23:00,6.05,,,
Spadina-University,WB,AM,10/01/2017 0:00,4.95,,,
Spadina-University,WB,AM,10/01/2017 1:00,4.51,,,
Spadina-University,WB,AM,10/01/2017 2:00,4.4,,,
Spadina-University,WB,AM,10/01/2017 3:00,4.18,,,
Spadina-University,WB,AM,10/01/2017 4:00,4.29,,,
Spadina-University,WB,AM,10/01/2017 5:00,4.51,,,
Spadina-University,WB,AM,10/01/2017 6:00,4.95,,,
Spadina-University,WB,AM,10/01/2017 7:00,5.28,,,
Spadina-University,WB,AM,10/01/2017 8:00,6.16,,,
Spadina-University,WB,AM,10/01/2017 9:00,7.37,,,
Spadina-University,WB,AM,10/01/2017 10:00,8.25,,,
Spadina-University,WB,AM,10/01/2017 11:00,9.79,,,
Spadina-University,WB,PM,10/01/2017 12:00,10.12,,,
Spadina-University,WB,PM,10/01/2017 13:00,10.78,,,
Spadina-University,WB,PM,10/01/2017 14:00,11,,,
Spadina-University,WB,PM,10/01/2017 15:00,10.23,,,
Spadina-University,WB,PM,10/01/2017 16:00,9.68,,,
Spadina-University,WB,PM,10/01/2017 17:00,10.23,,,
Spadina-University,WB,PM,10/01/2017 18:00,10.78,,,
Spadina-University,WB,PM,10/01/2017 19:00,11.22,,,
Spadina-University,WB,PM,10/01/2017 20:00,11.55,,,
Spadina-University,WB,PM,10/01/2017 21:00,9.9,,,
Spadina-University,WB,PM,10/01/2017 22:00,7.48,,,
Spadina-University,WB,PM,10/01/2017 23:00,6.27,,,
Spadina-University,WB,AM,10/02/2017 0:00,4.18,,,
Spadina-University,WB,AM,10/02/2017 1:00,5.61,,,
Spadina-University,WB,AM,10/02/2017 2:00,5.72,,,
Spadina-University,WB,AM,10/02/2017 3:00,4,,,
Spadina-University,WB,AM,10/02/2017 4:00,4.18,,,
Spadina-University,WB,AM,10/02/2017 5:00,5.5,,,
Spadina-University,WB,AM,10/02/2017 6:00,5.61,,,
Spadina-University,WB,AM,10/02/2017 7:00,6.05,,,
Spadina-University,WB,AM,10/02/2017 8:00,8.36,,,
Spadina-University,WB,AM,10/02/2017 9:00,11.9,,,
Spadina-University,WB,AM,10/02/2017 10:00,9.24,,,
Spadina-University,WB,AM,10/02/2017 11:00,8.91,,,
Spadina-University,WB,PM,10/02/2017 12:00,8.36,,,
Spadina-University,WB,PM,10/02/2017 13:00,7.92,,,
Spadina-University,WB,PM,10/02/2017 14:00,8.25,,,
Spadina-University,WB,PM,10/02/2017 15:00,8.36,,,
Spadina-University,WB,PM,10/02/2017 16:00,9.57,,,
Spadina-University,WB,PM,10/02/2017 17:00,10.89,,,
Spadina-University,WB,PM,10/02/2017 18:00,10.67,,,
Spadina-University,WB,PM,10/02/2017 19:00,10.12,,,
Spadina-University,WB,PM,10/02/2017 20:00,8.69,,,
Spadina-University,WB,PM,10/02/2017 21:00,6.38,,,
Spadina-University,WB,PM,10/02/2017 22:00,5.83,,,
Spadina-University,WB,PM,10/02/2017 23:00,5.39,,,
Spadina-University,EB,AM,11/01/2017 0:00,4.73,,,
Spadina-University,EB,AM,11/01/2017 1:00,5.72,,,
Spadina-University,EB,AM,11/01/2017 2:00,5.61,,,
Spadina-University,EB,AM,11/01/2017 3:00,3.96,,,
Spadina-University,EB,AM,11/01/2017 4:00,3.85,,,
Spadina-University,EB,AM,11/01/2017 5:00,5.06,,,
Spadina-University,EB,AM,11/01/2017 6:00,5.28,,,
Spadina-University,EB,AM,11/01/2017 7:00,5.94,,,
Spadina-University,EB,AM,11/01/2017 8:00,8.69,,,
Spadina-University,EB,AM,11/01/2017 9:00,10.56,,,
Spadina-University,EB,AM,11/01/2017 10:00,9.57,,,
Spadina-University,EB,AM,11/01/2017 11:00,8.36,,,
Spadina-University,EB,PM,11/01/2017 12:00,8.14,,,
Spadina-University,EB,PM,11/01/2017 13:00,7.81,,,
Spadina-University,EB,PM,11/01/2017 14:00,8.47,,,
Spadina-University,EB,PM,11/01/2017 15:00,8.8,,,
Spadina-University,EB,PM,11/01/2017 16:00,9.46,,,
Spadina-University,EB,PM,11/01/2017 17:00,10.34,,,
Spadina-University,EB,PM,11/01/2017 18:00,10.12,,,
Spadina-University,EB,PM,11/01/2017 19:00,9.9,,,
Spadina-University,EB,PM,11/01/2017 20:00,9.13,,,
Spadina-University,EB,PM,11/01/2017 21:00,7.26,,,
Spadina-University,EB,PM,11/01/2017 22:00,6.05,,,
Spadina-University,EB,PM,11/01/2017 23:00,5.83,,,
Spadina-University,EB,AM,11/11/2017 0:00,3.96,,,
Spadina-University,EB,AM,11/11/2017 1:00,5.39,,,
Spadina-University,EB,AM,11/11/2017 2:00,5.5,,,
Spadina-University,EB,AM,11/11/2017 3:00,4.07,,,
Spadina-University,EB,AM,11/11/2017 4:00,3.96,,,
Spadina-University,EB,AM,11/11/2017 5:00,5.28,,,
Spadina-University,EB,AM,11/11/2017 6:00,5.39,,,
Spadina-University,EB,AM,11/11/2017 7:00,5.83,,,
Spadina-University,EB,AM,11/11/2017 8:00,8.14,,,
Spadina-University,EB,AM,11/11/2017 9:00,8.5,,,
Spadina-University,EB,AM,11/11/2017 10:00,9.02,,,
Spadina-University,EB,AM,11/11/2017 11:00,8.69,,,
Spadina-University,EB,PM,11/11/2017 12:00,8.14,,,
Spadina-University,EB,PM,11/11/2017 13:00,7.7,,,
Spadina-University,EB,PM,11/11/2017 14:00,8.03,,,
Spadina-University,EB,PM,11/11/2017 15:00,8.14,,,
Spadina-University,EB,PM,11/11/2017 16:00,9.35,,,
Spadina-University,EB,PM,11/11/2017 17:00,10.67,,,
Spadina-University,EB,PM,11/11/2017 18:00,10.45,,,
Spadina-University,EB,PM,11/11/2017 19:00,9.9,,,
Spadina-University,EB,PM,11/11/2017 20:00,8.47,,,
Spadina-University,EB,PM,11/11/2017 21:00,6.16,,,
Spadina-University,EB,PM,11/11/2017 22:00,5.61,,,
Spadina-University,EB,PM,11/11/2017 23:00,5.17,,,
Spadina-University,WB,AM,11/01/2017 0:00,4.84,,,
Spadina-University,WB,AM,11/01/2017 1:00,5.06,,,
Spadina-University,WB,AM,11/01/2017 2:00,4.18,,,
Spadina-University,WB,AM,11/01/2017 3:00,3.96,,,
Spadina-University,WB,AM,11/01/2017 4:00,4.07,,,
Spadina-University,WB,AM,11/01/2017 5:00,4.73,,,
Spadina-University,WB,AM,11/01/2017 6:00,5.28,,,
Spadina-University,WB,AM,11/01/2017 7:00,5.39,,,
Spadina-University,WB,AM,11/01/2017 8:00,8.7,,,
Spadina-University,WB,AM,11/01/2017 9:00,8.8,,,
Spadina-University,WB,AM,11/01/2017 10:00,8.3,,,
Spadina-University,WB,AM,11/01/2017 11:00,8.69,,,
Spadina-University,WB,PM,11/01/2017 12:00,10.56,,,
Spadina-University,WB,PM,11/01/2017 13:00,11,,,
Spadina-University,WB,PM,11/01/2017 14:00,10.45,,,
Spadina-University,WB,PM,11/01/2017 15:00,10.67,,,
Spadina-University,WB,PM,11/01/2017 16:00,10.56,,,
Spadina-University,WB,PM,11/01/2017 17:00,9.9,,,
Spadina-University,WB,PM,11/01/2017 18:00,11.33,,,
Spadina-University,WB,PM,11/01/2017 19:00,13.86,,,
Spadina-University,WB,PM,11/01/2017 20:00,12.98,,,
Spadina-University,WB,PM,11/01/2017 21:00,9.46,,,
Spadina-University,WB,PM,11/01/2017 22:00,6,,,
Spadina-University,WB,PM,11/01/2017 23:00,5.83,,,
Spadina-University,WB,AM,11/11/2017 0:00,4.73,,,
Spadina-University,WB,AM,11/11/2017 1:00,4.29,,,
Spadina-University,WB,AM,11/11/2017 2:00,4.18,,,
Spadina-University,WB,AM,11/11/2017 3:00,3.96,,,
Spadina-University,WB,AM,11/11/2017 4:00,4.07,,,
Spadina-University,WB,AM,11/11/2017 5:00,4.5,,,
Spadina-University,WB,AM,11/11/2017 6:00,4.73,,,
Spadina-University,WB,AM,11/11/2017 7:00,5.06,,,
Spadina-University,WB,AM,11/11/2017 8:00,6.3,,,
Spadina-University,WB,AM,11/11/2017 9:00,7.2,,,
Spadina-University,WB,AM,11/11/2017 10:00,8.3,,,
Spadina-University,WB,AM,11/11/2017 11:00,9.57,,,
Spadina-University,WB,PM,11/11/2017 12:00,9.9,,,
Spadina-University,WB,PM,11/11/2017 13:00,10.56,,,
Spadina-University,WB,PM,11/11/2017 14:00,10.78,,,
Spadina-University,WB,PM,11/11/2017 15:00,10.01,,,
Spadina-University,WB,PM,11/11/2017 16:00,9.46,,,
Spadina-University,WB,PM,11/11/2017 17:00,10.01,,,
Spadina-University,WB,PM,11/11/2017 18:00,10.5,,,
Spadina-University,WB,PM,11/11/2017 19:00,11,,,
Spadina-University,WB,PM,11/11/2017 20:00,11.33,,,
Spadina-University,WB,PM,11/11/2017 21:00,9.68,,,
Spadina-University,WB,PM,11/11/2017 22:00,7.26,,,
Spadina-University,WB,PM,11/11/2017 23:00,6.05,,,
Spadina-University,EB,AM,12/01/2017 0:00,4.4,,,
Spadina-University,EB,AM,12/01/2017 1:00,4.6,,,
Spadina-University,EB,AM,12/01/2017 2:00,5.28,,,
Spadina-University,EB,AM,12/01/2017 3:00,3.63,,,
Spadina-University,EB,AM,12/01/2017 4:00,3.52,,,
Spadina-University,EB,AM,12/01/2017 5:00,4.73,,,
Spadina-University,EB,AM,12/01/2017 6:00,4.95,,,
Spadina-University,EB,AM,12/01/2017 7:00,5.61,,,
Spadina-University,EB,AM,12/01/2017 8:00,8.36,,,
Spadina-University,EB,AM,12/01/2017 9:00,10.23,,,
Spadina-University,EB,AM,12/01/2017 10:00,9.24,,,
Spadina-University,EB,AM,12/01/2017 11:00,8.03,,,
Spadina-University,EB,PM,12/01/2017 12:00,7.81,,,
Spadina-University,EB,PM,12/01/2017 13:00,7.48,,,
Spadina-University,EB,PM,12/01/2017 14:00,8.14,,,
Spadina-University,EB,PM,12/01/2017 15:00,8.47,,,
Spadina-University,EB,PM,12/01/2017 16:00,9.13,,,
Spadina-University,EB,PM,12/01/2017 17:00,10.01,,,
Spadina-University,EB,PM,12/01/2017 18:00,9.79,,,
Spadina-University,EB,PM,12/01/2017 19:00,9.57,,,
Spadina-University,EB,PM,12/01/2017 20:00,8.8,,,
Spadina-University,EB,PM,12/01/2017 21:00,6.93,,,
Spadina-University,EB,PM,12/01/2017 22:00,5.72,,,
Spadina-University,EB,PM,12/01/2017 23:00,5.5,,,
Spadina-University,EB,AM,12/09/2017 0:00,4.51,,,
Spadina-University,EB,AM,12/09/2017 1:00,4.73,,,
Spadina-University,EB,AM,12/09/2017 2:00,3.85,,,
Spadina-University,EB,AM,12/09/2017 3:00,3.63,,,
Spadina-University,EB,AM,12/09/2017 4:00,3.74,,,
Spadina-University,EB,AM,12/09/2017 5:00,4.4,,,
Spadina-University,EB,AM,12/09/2017 6:00,4.95,,,
Spadina-University,EB,AM,12/09/2017 7:00,5.06,,,
Spadina-University,EB,AM,12/09/2017 8:00,5.39,,,
Spadina-University,EB,AM,12/09/2017 9:00,5.83,,,
Spadina-University,EB,AM,12/09/2017 10:00,6.16,,,
Spadina-University,EB,AM,12/09/2017 11:00,8.36,,,
Spadina-University,EB,PM,12/09/2017 12:00,10.23,,,
Spadina-University,EB,PM,12/09/2017 13:00,10.67,,,
Spadina-University,EB,PM,12/09/2017 14:00,10.12,,,
Spadina-University,EB,PM,12/09/2017 15:00,10.45,,,
Spadina-University,EB,PM,12/09/2017 16:00,10.23,,,
Spadina-University,EB,PM,12/09/2017 17:00,9.57,,,
Spadina-University,EB,PM,12/09/2017 18:00,11,,,
Spadina-University,EB,PM,12/09/2017 19:00,13.53,,,
Spadina-University,EB,PM,12/09/2017 20:00,12.65,,,
Spadina-University,EB,PM,12/09/2017 21:00,9.13,,,
Spadina-University,EB,PM,12/09/2017 22:00,5.61,,,
Spadina-University,EB,PM,12/09/2017 23:00,5.5,,,
Spadina-University,WB,AM,12/01/2017 0:00,3.63,,,
Spadina-University,WB,AM,12/01/2017 1:00,5.06,,,
Spadina-University,WB,AM,12/01/2017 2:00,5.17,,,
Spadina-University,WB,AM,12/01/2017 3:00,3.74,,,
Spadina-University,WB,AM,12/01/2017 4:00,3.63,,,
Spadina-University,WB,AM,12/01/2017 5:00,4.95,,,
Spadina-University,WB,AM,12/01/2017 6:00,5.06,,,
Spadina-University,WB,AM,12/01/2017 7:00,5.5,,,
Spadina-University,WB,AM,12/01/2017 8:00,7.81,,,
Spadina-University,WB,AM,12/01/2017 9:00,9.57,,,
Spadina-University,WB,AM,12/01/2017 10:00,9,,,
Spadina-University,WB,AM,12/01/2017 11:00,8.36,,,
Spadina-University,WB,PM,12/01/2017 12:00,7.81,,,
Spadina-University,WB,PM,12/01/2017 13:00,7.37,,,
Spadina-University,WB,PM,12/01/2017 14:00,7.7,,,
Spadina-University,WB,PM,12/01/2017 15:00,7.81,,,
Spadina-University,WB,PM,12/01/2017 16:00,9.02,,,
Spadina-University,WB,PM,12/01/2017 17:00,10.34,,,
Spadina-University,WB,PM,12/01/2017 18:00,10.12,,,
Spadina-University,WB,PM,12/01/2017 19:00,9.57,,,
Spadina-University,WB,PM,12/01/2017 20:00,8.14,,,
Spadina-University,WB,PM,12/01/2017 21:00,5.83,,,
Spadina-University,WB,PM,12/01/2017 22:00,5.28,,,
Spadina-University,WB,PM,12/01/2017 23:00,4.84,,,
Spadina-University,WB,AM,12/09/2017 0:00,4.4,,,
Spadina-University,WB,AM,12/09/2017 1:00,3.96,,,
Spadina-University,WB,AM,12/09/2017 2:00,3.85,,,
Spadina-University,WB,AM,12/09/2017 3:00,3.63,,,
Spadina-University,WB,AM,12/09/2017 4:00,3.74,,,
Spadina-University,WB,AM,12/09/2017 5:00,3.96,,,
Spadina-University,WB,AM,12/09/2017 6:00,4.4,,,
Spadina-University,WB,AM,12/09/2017 7:00,4.73,,,
Spadina-University,WB,AM,12/09/2017 8:00,5.61,,,
Spadina-University,WB,AM,12/09/2017 9:00,6.82,,,
Spadina-University,WB,AM,12/09/2017 10:00,7.7,,,
Spadina-University,WB,AM,12/09/2017 11:00,9.24,,,
Spadina-University,WB,PM,12/09/2017 12:00,9.57,,,
Spadina-University,WB,PM,12/09/2017 13:00,10.23,,,
Spadina-University,WB,PM,12/09/2017 14:00,10.45,,,
Spadina-University,WB,PM,12/09/2017 15:00,9.68,,,
Spadina-University,WB,PM,12/09/2017 16:00,9.13,,,
Spadina-University,WB,PM,12/09/2017 17:00,9.68,,,
Spadina-University,WB,PM,12/09/2017 18:00,10.23,,,
Spadina-University,WB,PM,12/09/2017 19:00,10.67,,,
Spadina-University,WB,PM,12/09/2017 20:00,11,,,
Spadina-University,WB,PM,12/09/2017 21:00,9.35,,,
Spadina-University,WB,PM,12/09/2017 22:00,6.93,,,
Spadina-University,WB,PM,12/09/2017 23:00,5.72,,,
University-Yonge,EB,AM,09/01/2017 0:00,4.83,,,
University-Yonge,EB,AM,09/01/2017 1:00,5.865,,,
University-Yonge,EB,AM,09/01/2017 2:00,5.75,,,
University-Yonge,EB,AM,09/01/2017 3:00,4.025,,,
University-Yonge,EB,AM,09/01/2017 4:00,3.91,,,
University-Yonge,EB,AM,09/01/2017 5:00,5.175,,,
University-Yonge,EB,AM,09/01/2017 6:00,5.405,,,
University-Yonge,EB,AM,09/01/2017 7:00,6.095,,,
University-Yonge,EB,AM,09/01/2017 8:00,8.97,,,
University-Yonge,EB,AM,09/01/2017 9:00,10.925,,,
University-Yonge,EB,AM,09/01/2017 10:00,9.89,,,
University-Yonge,EB,AM,09/01/2017 11:00,8.625,,,
University-Yonge,EB,PM,09/01/2017 12:00,8.395,,,
University-Yonge,EB,PM,09/01/2017 13:00,8.05,,,
University-Yonge,EB,PM,09/01/2017 14:00,8.74,,,
University-Yonge,EB,PM,09/01/2017 15:00,9.085,,,
University-Yonge,EB,PM,09/01/2017 16:00,9.775,,,
University-Yonge,EB,PM,09/01/2017 17:00,10.695,,,
University-Yonge,EB,PM,09/01/2017 18:00,10.465,,,
University-Yonge,EB,PM,09/01/2017 19:00,10.235,,,
University-Yonge,EB,PM,09/01/2017 20:00,9.43,,,
University-Yonge,EB,PM,09/01/2017 21:00,7.475,,,
University-Yonge,EB,PM,09/01/2017 22:00,6.21,,,
University-Yonge,EB,PM,09/01/2017 23:00,5.98,,,
University-Yonge,WB,AM,09/01/2017 0:00,4.025,,,
University-Yonge,WB,AM,09/01/2017 1:00,5.52,,,
University-Yonge,WB,AM,09/01/2017 2:00,5.635,,,
University-Yonge,WB,AM,09/01/2017 3:00,4.14,,,
University-Yonge,WB,AM,09/01/2017 4:00,4.025,,,
University-Yonge,WB,AM,09/01/2017 5:00,5.405,,,
University-Yonge,WB,AM,09/01/2017 6:00,5.52,,,
University-Yonge,WB,AM,09/01/2017 7:00,5.98,,,
University-Yonge,WB,AM,09/01/2017 8:00,8.395,,,
University-Yonge,WB,AM,09/01/2017 9:00,10.235,,,
University-Yonge,WB,AM,09/01/2017 10:00,9.315,,,
University-Yonge,WB,AM,09/01/2017 11:00,8.97,,,
University-Yonge,WB,PM,09/01/2017 12:00,8.395,,,
University-Yonge,WB,PM,09/01/2017 13:00,7.935,,,
University-Yonge,WB,PM,09/01/2017 14:00,8.28,,,
University-Yonge,WB,PM,09/01/2017 15:00,8.395,,,
University-Yonge,WB,PM,09/01/2017 16:00,9.66,,,
University-Yonge,WB,PM,09/01/2017 17:00,11.04,,,
University-Yonge,WB,PM,09/01/2017 18:00,10.81,,,
University-Yonge,WB,PM,09/01/2017 19:00,10.235,,,
University-Yonge,WB,PM,09/01/2017 20:00,8.74,,,
University-Yonge,WB,PM,09/01/2017 21:00,6.325,,,
University-Yonge,WB,PM,09/01/2017 22:00,5.75,,,
University-Yonge,WB,PM,09/01/2017 23:00,5.29,,,
University-Yonge,EB,AM,09/16/2017 0:00,4.945,,,
University-Yonge,EB,AM,09/16/2017 1:00,5.175,,,
University-Yonge,EB,AM,09/16/2017 2:00,4.255,,,
University-Yonge,EB,AM,09/16/2017 3:00,4.025,,,
University-Yonge,EB,AM,09/16/2017 4:00,4.14,,,
University-Yonge,EB,AM,09/16/2017 5:00,4.83,,,
University-Yonge,EB,AM,09/16/2017 6:00,5.405,,,
University-Yonge,EB,AM,09/16/2017 7:00,5.52,,,
University-Yonge,EB,AM,09/16/2017 8:00,5.865,,,
University-Yonge,EB,AM,09/16/2017 9:00,6.325,,,
University-Yonge,EB,AM,09/16/2017 10:00,6.67,,,
University-Yonge,EB,AM,09/16/2017 11:00,8.97,,,
University-Yonge,EB,PM,09/16/2017 12:00,10.925,,,
University-Yonge,EB,PM,09/16/2017 13:00,11.385,,,
University-Yonge,EB,PM,09/16/2017 14:00,10.81,,,
University-Yonge,EB,PM,09/16/2017 15:00,11.04,,,
University-Yonge,EB,PM,09/16/2017 16:00,10.925,,,
University-Yonge,EB,PM,09/16/2017 17:00,10.235,,,
University-Yonge,EB,PM,09/16/2017 18:00,11.73,,,
University-Yonge,EB,PM,09/16/2017 19:00,14.375,,,
University-Yonge,EB,PM,09/16/2017 20:00,13.455,,,
University-Yonge,EB,PM,09/16/2017 21:00,9.775,,,
University-Yonge,EB,PM,09/16/2017 22:00,6.095,,,
University-Yonge,EB,PM,09/16/2017 23:00,5.98,,,
University-Yonge,WB,AM,09/16/2017 0:00,4.83,,,
University-Yonge,WB,AM,09/16/2017 1:00,4.37,,,
University-Yonge,WB,AM,09/16/2017 2:00,4.255,,,
University-Yonge,WB,AM,09/16/2017 3:00,4.025,,,
University-Yonge,WB,AM,09/16/2017 4:00,4.14,,,
University-Yonge,WB,AM,09/16/2017 5:00,4.37,,,
University-Yonge,WB,AM,09/16/2017 6:00,4.83,,,
University-Yonge,WB,AM,09/16/2017 7:00,5.175,,,
University-Yonge,WB,AM,09/16/2017 8:00,6.095,,,
University-Yonge,WB,AM,09/16/2017 9:00,7.36,,,
University-Yonge,WB,AM,09/16/2017 10:00,8.28,,,
University-Yonge,WB,AM,09/16/2017 11:00,9.89,,,
University-Yonge,WB,PM,09/16/2017 12:00,10.235,,,
University-Yonge,WB,PM,09/16/2017 13:00,10.925,,,
University-Yonge,WB,PM,09/16/2017 14:00,11.155,,,
University-Yonge,WB,PM,09/16/2017 15:00,10.35,,,
University-Yonge,WB,PM,09/16/2017 16:00,9.775,,,
University-Yonge,WB,PM,09/16/2017 17:00,10.35,,,
University-Yonge,WB,PM,09/16/2017 18:00,10.925,,,
University-Yonge,WB,PM,09/16/2017 19:00,11.385,,,
University-Yonge,WB,PM,09/16/2017 20:00,11.73,,,
University-Yonge,WB,PM,09/16/2017 21:00,10.005,,,
University-Yonge,WB,PM,09/16/2017 22:00,7.475,,,
University-Yonge,WB,PM,09/16/2017 23:00,6.21,,,
University-Yonge,EB,AM,10/01/2017 0:00,5.29,,,
University-Yonge,EB,AM,10/01/2017 1:00,5.52,,,
University-Yonge,EB,AM,10/01/2017 2:00,4.6,,,
University-Yonge,EB,AM,10/01/2017 3:00,4.37,,,
University-Yonge,EB,AM,10/01/2017 4:00,4.485,,,
University-Yonge,EB,AM,10/01/2017 5:00,5.3,,,
University-Yonge,EB,AM,10/01/2017 6:00,5.5,,,
University-Yonge,EB,AM,10/01/2017 7:00,6,,,
University-Yonge,EB,AM,10/01/2017 8:00,6.21,,,
University-Yonge,EB,AM,10/01/2017 9:00,6.67,,,
University-Yonge,EB,AM,10/01/2017 10:00,7.015,,,
University-Yonge,EB,AM,10/01/2017 11:00,9.315,,,
University-Yonge,EB,PM,10/01/2017 12:00,11.27,,,
University-Yonge,EB,PM,10/01/2017 13:00,11.73,,,
University-Yonge,EB,PM,10/01/2017 14:00,10.5,,,
University-Yonge,EB,PM,10/01/2017 15:00,11.3,,,
University-Yonge,EB,PM,10/01/2017 16:00,11,,,
University-Yonge,EB,PM,10/01/2017 17:00,10.58,,,
University-Yonge,EB,PM,10/01/2017 18:00,12.075,,,
University-Yonge,EB,PM,10/01/2017 19:00,14.72,,,
University-Yonge,EB,PM,10/01/2017 20:00,13.8,,,
University-Yonge,EB,PM,10/01/2017 21:00,10.12,,,
University-Yonge,EB,PM,10/01/2017 22:00,6.44,,,
University-Yonge,EB,PM,10/01/2017 23:00,6.325,,,
University-Yonge,EB,AM,10/02/2017 0:00,5.175,,,
University-Yonge,EB,AM,10/02/2017 1:00,6.21,,,
University-Yonge,EB,AM,10/02/2017 2:00,6.095,,,
University-Yonge,EB,AM,10/02/2017 3:00,4.37,,,
University-Yonge,EB,AM,10/02/2017 4:00,4.255,,,
University-Yonge,EB,AM,10/02/2017 5:00,5.52,,,
University-Yonge,EB,AM,10/02/2017 6:00,5.75,,,
University-Yonge,EB,AM,10/02/2017 7:00,6.44,,,
University-Yonge,EB,AM,10/02/2017 8:00,9.315,,,
University-Yonge,EB,AM,10/02/2017 9:00,11.27,,,
University-Yonge,EB,AM,10/02/2017 10:00,10.235,,,
University-Yonge,EB,AM,10/02/2017 11:00,8.97,,,
University-Yonge,EB,PM,10/02/2017 12:00,8.74,,,
University-Yonge,EB,PM,10/02/2017 13:00,8.395,,,
University-Yonge,EB,PM,10/02/2017 14:00,9.085,,,
University-Yonge,EB,PM,10/02/2017 15:00,9.43,,,
University-Yonge,EB,PM,10/02/2017 16:00,10.12,,,
University-Yonge,EB,PM,10/02/2017 17:00,11.04,,,
University-Yonge,EB,PM,10/02/2017 18:00,10.81,,,
University-Yonge,EB,PM,10/02/2017 19:00,10.58,,,
University-Yonge,EB,PM,10/02/2017 20:00,9.775,,,
University-Yonge,EB,PM,10/02/2017 21:00,7.82,,,
University-Yonge,EB,PM,10/02/2017 22:00,6.555,,,
University-Yonge,EB,PM,10/02/2017 23:00,6.325,,,
University-Yonge,WB,AM,10/01/2017 0:00,5.175,,,
University-Yonge,WB,AM,10/01/2017 1:00,4.715,,,
University-Yonge,WB,AM,10/01/2017 2:00,4.6,,,
University-Yonge,WB,AM,10/01/2017 3:00,4.37,,,
University-Yonge,WB,AM,10/01/2017 4:00,4.485,,,
University-Yonge,WB,AM,10/01/2017 5:00,4.715,,,
University-Yonge,WB,AM,10/01/2017 6:00,5.175,,,
University-Yonge,WB,AM,10/01/2017 7:00,5.52,,,
University-Yonge,WB,AM,10/01/2017 8:00,6.44,,,
University-Yonge,WB,AM,10/01/2017 9:00,7.705,,,
University-Yonge,WB,AM,10/01/2017 10:00,8.625,,,
University-Yonge,WB,AM,10/01/2017 11:00,10.235,,,
University-Yonge,WB,PM,10/01/2017 12:00,10.58,,,
University-Yonge,WB,PM,10/01/2017 13:00,11.27,,,
University-Yonge,WB,PM,10/01/2017 14:00,11.5,,,
University-Yonge,WB,PM,10/01/2017 15:00,10.695,,,
University-Yonge,WB,PM,10/01/2017 16:00,10.12,,,
University-Yonge,WB,PM,10/01/2017 17:00,10.695,,,
University-Yonge,WB,PM,10/01/2017 18:00,11.27,,,
University-Yonge,WB,PM,10/01/2017 19:00,11.73,,,
University-Yonge,WB,PM,10/01/2017 20:00,12.075,,,
University-Yonge,WB,PM,10/01/2017 21:00,10.35,,,
University-Yonge,WB,PM,10/01/2017 22:00,7.82,,,
University-Yonge,WB,PM,10/01/2017 23:00,6.555,,,
University-Yonge,WB,AM,10/02/2017 0:00,4.37,,,
University-Yonge,WB,AM,10/02/2017 1:00,5.865,,,
University-Yonge,WB,AM,10/02/2017 2:00,5.98,,,
University-Yonge,WB,AM,10/02/2017 3:00,4.485,,,
University-Yonge,WB,AM,10/02/2017 4:00,4.37,,,
University-Yonge,WB,AM,10/02/2017 5:00,5.75,,,
University-Yonge,WB,AM,10/02/2017 6:00,5.865,,,
University-Yonge,WB,AM,10/02/2017 7:00,6.325,,,
University-Yonge,WB,AM,10/02/2017 8:00,8.74,,,
University-Yonge,WB,AM,10/02/2017 9:00,10.58,,,
University-Yonge,WB,AM,10/02/2017 10:00,9.66,,,
University-Yonge,WB,AM,10/02/2017 11:00,9.315,,,
University-Yonge,WB,PM,10/02/2017 12:00,8.74,,,
University-Yonge,WB,PM,10/02/2017 13:00,8.28,,,
University-Yonge,WB,PM,10/02/2017 14:00,8.625,,,
University-Yonge,WB,PM,10/02/2017 15:00,8.74,,,
University-Yonge,WB,PM,10/02/2017 16:00,10.005,,,
University-Yonge,WB,PM,10/02/2017 17:00,11.385,,,
University-Yonge,WB,PM,10/02/2017 18:00,11.155,,,
University-Yonge,WB,PM,10/02/2017 19:00,10.58,,,
University-Yonge,WB,PM,10/02/2017 20:00,9.085,,,
University-Yonge,WB,PM,10/02/2017 21:00,6.67,,,
University-Yonge,WB,PM,10/02/2017 22:00,6.095,,,
University-Yonge,WB,PM,10/02/2017 23:00,5.635,,,
University-Yonge,EB,AM,11/01/2017 0:00,4.945,,,
University-Yonge,EB,AM,11/01/2017 1:00,5.98,,,
University-Yonge,EB,AM,11/01/2017 2:00,5.865,,,
University-Yonge,EB,AM,11/01/2017 3:00,4.14,,,
University-Yonge,EB,AM,11/01/2017 4:00,4.025,,,
University-Yonge,EB,AM,11/01/2017 5:00,5.29,,,
University-Yonge,EB,AM,11/01/2017 6:00,5.52,,,
University-Yonge,EB,AM,11/01/2017 7:00,6.21,,,
University-Yonge,EB,AM,11/01/2017 8:00,9.085,,,
University-Yonge,EB,AM,11/01/2017 9:00,11.04,,,
University-Yonge,EB,AM,11/01/2017 10:00,10.005,,,
University-Yonge,EB,AM,11/01/2017 11:00,8.74,,,
University-Yonge,EB,PM,11/01/2017 12:00,8.51,,,
University-Yonge,EB,PM,11/01/2017 13:00,8.165,,,
University-Yonge,EB,PM,11/01/2017 14:00,8.855,,,
University-Yonge,EB,PM,11/01/2017 15:00,9.2,,,
University-Yonge,EB,PM,11/01/2017 16:00,9.89,,,
University-Yonge,EB,PM,11/01/2017 17:00,10.81,,,
University-Yonge,EB,PM,11/01/2017 18:00,10.58,,,
University-Yonge,EB,PM,11/01/2017 19:00,10.35,,,
University-Yonge,EB,PM,11/01/2017 20:00,9.545,,,
University-Yonge,EB,PM,11/01/2017 21:00,7.59,,,
University-Yonge,EB,PM,11/01/2017 22:00,6.325,,,
University-Yonge,EB,PM,11/01/2017 23:00,6.095,,,
University-Yonge,EB,AM,11/11/2017 0:00,4.14,,,
University-Yonge,EB,AM,11/11/2017 1:00,5.635,,,
University-Yonge,EB,AM,11/11/2017 2:00,5.75,,,
University-Yonge,EB,AM,11/11/2017 3:00,4.255,,,
University-Yonge,EB,AM,11/11/2017 4:00,4.14,,,
University-Yonge,EB,AM,11/11/2017 5:00,5.52,,,
University-Yonge,EB,AM,11/11/2017 6:00,5.635,,,
University-Yonge,EB,AM,11/11/2017 7:00,6.095,,,
University-Yonge,EB,AM,11/11/2017 8:00,8.51,,,
University-Yonge,EB,AM,11/11/2017 9:00,8.7,,,
University-Yonge,EB,AM,11/11/2017 10:00,9.43,,,
University-Yonge,EB,AM,11/11/2017 11:00,9.085,,,
University-Yonge,EB,PM,11/11/2017 12:00,8.51,,,
University-Yonge,EB,PM,11/11/2017 13:00,8.05,,,
University-Yonge,EB,PM,11/11/2017 14:00,8.395,,,
University-Yonge,EB,PM,11/11/2017 15:00,8.51,,,
University-Yonge,EB,PM,11/11/2017 16:00,9.775,,,
University-Yonge,EB,PM,11/11/2017 17:00,11.155,,,
University-Yonge,EB,PM,11/11/2017 18:00,10.925,,,
University-Yonge,EB,PM,11/11/2017 19:00,10.35,,,
University-Yonge,EB,PM,11/11/2017 20:00,8.855,,,
University-Yonge,EB,PM,11/11/2017 21:00,6.5,,,
University-Yonge,EB,PM,11/11/2017 22:00,5.865,,,
University-Yonge,EB,PM,11/11/2017 23:00,5.405,,,
University-Yonge,WB,AM,11/01/2017 0:00,5.06,,,
University-Yonge,WB,AM,11/01/2017 1:00,5.29,,,
University-Yonge,WB,AM,11/01/2017 2:00,4.37,,,
University-Yonge,WB,AM,11/01/2017 3:00,4.14,,,
University-Yonge,WB,AM,11/01/2017 4:00,4.255,,,
University-Yonge,WB,AM,11/01/2017 5:00,5.2,,,
University-Yonge,WB,AM,11/01/2017 6:00,5.52,,,
University-Yonge,WB,AM,11/01/2017 7:00,5.635,,,
University-Yonge,WB,AM,11/01/2017 8:00,8.2,,,
University-Yonge,WB,AM,11/01/2017 9:00,9.1,,,
University-Yonge,WB,AM,11/01/2017 10:00,7.9,,,
University-Yonge,WB,AM,11/01/2017 11:00,9.085,,,
University-Yonge,WB,PM,11/01/2017 12:00,11.04,,,
University-Yonge,WB,PM,11/01/2017 13:00,11.5,,,
University-Yonge,WB,PM,11/01/2017 14:00,10.925,,,
University-Yonge,WB,PM,11/01/2017 15:00,11.155,,,
University-Yonge,WB,PM,11/01/2017 16:00,11.04,,,
University-Yonge,WB,PM,11/01/2017 17:00,10.35,,,
University-Yonge,WB,PM,11/01/2017 18:00,11.845,,,
University-Yonge,WB,PM,11/01/2017 19:00,14.49,,,
University-Yonge,WB,PM,11/01/2017 20:00,13.57,,,
University-Yonge,WB,PM,11/01/2017 21:00,9.89,,,
University-Yonge,WB,PM,11/01/2017 22:00,6.21,,,
University-Yonge,WB,PM,11/01/2017 23:00,6.095,,,
University-Yonge,WB,AM,11/11/2017 0:00,4.945,,,
University-Yonge,WB,AM,11/11/2017 1:00,4.9,,,
University-Yonge,WB,AM,11/11/2017 2:00,4.37,,,
University-Yonge,WB,AM,11/11/2017 3:00,4.14,,,
University-Yonge,WB,AM,11/11/2017 4:00,4.255,,,
University-Yonge,WB,AM,11/11/2017 5:00,4.485,,,
University-Yonge,WB,AM,11/11/2017 6:00,4.945,,,
University-Yonge,WB,AM,11/11/2017 7:00,5.29,,,
University-Yonge,WB,AM,11/11/2017 8:00,6.5,,,
University-Yonge,WB,AM,11/11/2017 9:00,6.7,,,
University-Yonge,WB,AM,11/11/2017 10:00,7.5,,,
University-Yonge,WB,AM,11/11/2017 11:00,10.005,,,
University-Yonge,WB,PM,11/11/2017 12:00,10.35,,,
University-Yonge,WB,PM,11/11/2017 13:00,11.04,,,
University-Yonge,WB,PM,11/11/2017 14:00,11.27,,,
University-Yonge,WB,PM,11/11/2017 15:00,10.465,,,
University-Yonge,WB,PM,11/11/2017 16:00,9.89,,,
University-Yonge,WB,PM,11/11/2017 17:00,10.465,,,
University-Yonge,WB,PM,11/11/2017 18:00,11.04,,,
University-Yonge,WB,PM,11/11/2017 19:00,11.5,,,
University-Yonge,WB,PM,11/11/2017 20:00,11.845,,,
University-Yonge,WB,PM,11/11/2017 21:00,10.12,,,
University-Yonge,WB,PM,11/11/2017 22:00,7.59,,,
University-Yonge,WB,PM,11/11/2017 23:00,6.325,,,
University-Yonge,EB,AM,12/01/2017 0:00,4.6,,,
University-Yonge,EB,AM,12/01/2017 1:00,5.635,,,
University-Yonge,EB,AM,12/01/2017 2:00,5.52,,,
University-Yonge,EB,AM,12/01/2017 3:00,3.795,,,
University-Yonge,EB,AM,12/01/2017 4:00,3.68,,,
University-Yonge,EB,AM,12/01/2017 5:00,4.945,,,
University-Yonge,EB,AM,12/01/2017 6:00,5.175,,,
University-Yonge,EB,AM,12/01/2017 7:00,5.865,,,
University-Yonge,EB,AM,12/01/2017 8:00,8.74,,,
University-Yonge,EB,AM,12/01/2017 9:00,10.695,,,
University-Yonge,EB,AM,12/01/2017 10:00,9.5,,,
University-Yonge,EB,AM,12/01/2017 11:00,8.395,,,
University-Yonge,EB,PM,12/01/2017 12:00,8.165,,,
University-Yonge,EB,PM,12/01/2017 13:00,7.82,,,
University-Yonge,EB,PM,12/01/2017 14:00,8.51,,,
University-Yonge,EB,PM,12/01/2017 15:00,8.855,,,
University-Yonge,EB,PM,12/01/2017 16:00,9.545,,,
University-Yonge,EB,PM,12/01/2017 17:00,10.465,,,
University-Yonge,EB,PM,12/01/2017 18:00,10.235,,,
University-Yonge,EB,PM,12/01/2017 19:00,10.005,,,
University-Yonge,EB,PM,12/01/2017 20:00,9.2,,,
University-Yonge,EB,PM,12/01/2017 21:00,7.245,,,
University-Yonge,EB,PM,12/01/2017 22:00,5.98,,,
University-Yonge,EB,PM,12/01/2017 23:00,5.75,,,
University-Yonge,EB,AM,12/09/2017 0:00,4.715,,,
University-Yonge,EB,AM,12/09/2017 1:00,4.945,,,
University-Yonge,EB,AM,12/09/2017 2:00,4.025,,,
University-Yonge,EB,AM,12/09/2017 3:00,3.795,,,
University-Yonge,EB,AM,12/09/2017 4:00,3.91,,,
University-Yonge,EB,AM,12/09/2017 5:00,4.6,,,
University-Yonge,EB,AM,12/09/2017 6:00,5.175,,,
University-Yonge,EB,AM,12/09/2017 7:00,5.29,,,
University-Yonge,EB,AM,12/09/2017 8:00,5.635,,,
University-Yonge,EB,AM,12/09/2017 9:00,6.095,,,
University-Yonge,EB,AM,12/09/2017 10:00,6.44,,,
University-Yonge,EB,AM,12/09/2017 11:00,8.74,,,
University-Yonge,EB,PM,12/09/2017 12:00,10.695,,,
University-Yonge,EB,PM,12/09/2017 13:00,11.155,,,
University-Yonge,EB,PM,12/09/2017 14:00,10.58,,,
University-Yonge,EB,PM,12/09/2017 15:00,10.81,,,
University-Yonge,EB,PM,12/09/2017 16:00,10.695,,,
University-Yonge,EB,PM,12/09/2017 17:00,11.2,,,
University-Yonge,EB,PM,12/09/2017 18:00,11.5,,,
University-Yonge,EB,PM,12/09/2017 19:00,14.145,,,
University-Yonge,EB,PM,12/09/2017 20:00,13.225,,,
University-Yonge,EB,PM,12/09/2017 21:00,9.545,,,
University-Yonge,EB,PM,12/09/2017 22:00,5.865,,,
University-Yonge,EB,PM,12/09/2017 23:00,5.75,,,
University-Yonge,WB,AM,12/01/2017 0:00,3.795,,,
University-Yonge,WB,AM,12/01/2017 1:00,5.2,,,
University-Yonge,WB,AM,12/01/2017 2:00,5.405,,,
University-Yonge,WB,AM,12/01/2017 3:00,3.91,,,
University-Yonge,WB,AM,12/01/2017 4:00,3.795,,,
University-Yonge,WB,AM,12/01/2017 5:00,5.175,,,
University-Yonge,WB,AM,12/01/2017 6:00,5.29,,,
University-Yonge,WB,AM,12/01/2017 7:00,5.75,,,
University-Yonge,WB,AM,12/01/2017 8:00,8.165,,,
University-Yonge,WB,AM,12/01/2017 9:00,10.005,,,
University-Yonge,WB,AM,12/01/2017 10:00,9.085,,,
University-Yonge,WB,AM,12/01/2017 11:00,8.74,,,
University-Yonge,WB,PM,12/01/2017 12:00,8.165,,,
University-Yonge,WB,PM,12/01/2017 13:00,7.705,,,
University-Yonge,WB,PM,12/01/2017 14:00,8.05,,,
University-Yonge,WB,PM,12/01/2017 15:00,8.165,,,
University-Yonge,WB,PM,12/01/2017 16:00,9.43,,,
University-Yonge,WB,PM,12/01/2017 17:00,10.81,,,
University-Yonge,WB,PM,12/01/2017 18:00,10.58,,,
University-Yonge,WB,PM,12/01/2017 19:00,10.005,,,
University-Yonge,WB,PM,12/01/2017 20:00,8.51,,,
University-Yonge,WB,PM,12/01/2017 21:00,6.7,,,
University-Yonge,WB,PM,12/01/2017 22:00,5.52,,,
University-Yonge,WB,PM,12/01/2017 23:00,5.06,,,
University-Yonge,WB,AM,12/09/2017 0:00,4.6,,,
University-Yonge,WB,AM,12/09/2017 1:00,4.14,,,
University-Yonge,WB,AM,12/09/2017 2:00,4.025,,,
University-Yonge,WB,AM,12/09/2017 3:00,3.795,,,
University-Yonge,WB,AM,12/09/2017 4:00,3.91,,,
University-Yonge,WB,AM,12/09/2017 5:00,4.14,,,
University-Yonge,WB,AM,12/09/2017 6:00,4.6,,,
University-Yonge,WB,AM,12/09/2017 7:00,4.945,,,
University-Yonge,WB,AM,12/09/2017 8:00,5.865,,,
University-Yonge,WB,AM,12/09/2017 9:00,7.13,,,
University-Yonge,WB,AM,12/09/2017 10:00,8.05,,,
University-Yonge,WB,AM,12/09/2017 11:00,9.66,,,
University-Yonge,WB,PM,12/09/2017 12:00,10.005,,,
University-Yonge,WB,PM,12/09/2017 13:00,10.695,,,
University-Yonge,WB,PM,12/09/2017 14:00,10.925,,,
University-Yonge,WB,PM,12/09/2017 15:00,10.12,,,
University-Yonge,WB,PM,12/09/2017 16:00,9.545,,,
University-Yonge,WB,PM,12/09/2017 17:00,10.12,,,
University-Yonge,WB,PM,12/09/2017 18:00,10.695,,,
University-Yonge,WB,PM,12/09/2017 19:00,11.155,,,
University-Yonge,WB,PM,12/09/2017 20:00,11.5,,,
University-Yonge,WB,PM,12/09/2017 21:00,9.775,,,
University-Yonge,WB,PM,12/09/2017 22:00,7.245,,,
University-Yonge,WB,PM,12/09/2017 23:00,5.98,,,
Yonge-Jarvis,EB,AM,09/01/2017 0:00,3.78,,,
Yonge-Jarvis,EB,AM,09/01/2017 1:00,4.59,,,
Yonge-Jarvis,EB,AM,09/01/2017 2:00,4.5,,,
Yonge-Jarvis,EB,AM,09/01/2017 3:00,3.15,,,
Yonge-Jarvis,EB,AM,09/01/2017 4:00,3.7,,,
Yonge-Jarvis,EB,AM,09/01/2017 5:00,4.05,,,
Yonge-Jarvis,EB,AM,09/01/2017 6:00,4.23,,,
Yonge-Jarvis,EB,AM,09/01/2017 7:00,4.77,,,
Yonge-Jarvis,EB,AM,09/01/2017 8:00,7.02,,,
Yonge-Jarvis,EB,AM,09/01/2017 9:00,8.55,,,
Yonge-Jarvis,EB,AM,09/01/2017 10:00,7.74,,,
Yonge-Jarvis,EB,AM,09/01/2017 11:00,6.75,,,
Yonge-Jarvis,EB,PM,09/01/2017 12:00,6.57,,,
Yonge-Jarvis,EB,PM,09/01/2017 13:00,6.3,,,
Yonge-Jarvis,EB,PM,09/01/2017 14:00,6.84,,,
Yonge-Jarvis,EB,PM,09/01/2017 15:00,7.11,,,
Yonge-Jarvis,EB,PM,09/01/2017 16:00,7.65,,,
Yonge-Jarvis,EB,PM,09/01/2017 17:00,8.37,,,
Yonge-Jarvis,EB,PM,09/01/2017 18:00,8.19,,,
Yonge-Jarvis,EB,PM,09/01/2017 19:00,8.01,,,
Yonge-Jarvis,EB,PM,09/01/2017 20:00,7.38,,,
Yonge-Jarvis,EB,PM,09/01/2017 21:00,5.85,,,
Yonge-Jarvis,EB,PM,09/01/2017 22:00,4.86,,,
Yonge-Jarvis,EB,PM,09/01/2017 23:00,4.68,,,
Yonge-Jarvis,WB,AM,09/01/2017 0:00,3.15,,,
Yonge-Jarvis,WB,AM,09/01/2017 1:00,4.32,,,
Yonge-Jarvis,WB,AM,09/01/2017 2:00,4.41,,,
Yonge-Jarvis,WB,AM,09/01/2017 3:00,3.24,,,
Yonge-Jarvis,WB,AM,09/01/2017 4:00,3.15,,,
Yonge-Jarvis,WB,AM,09/01/2017 5:00,4.23,,,
Yonge-Jarvis,WB,AM,09/01/2017 6:00,4.32,,,
Yonge-Jarvis,WB,AM,09/01/2017 7:00,4.68,,,
Yonge-Jarvis,WB,AM,09/01/2017 8:00,6.57,,,
Yonge-Jarvis,WB,AM,09/01/2017 9:00,8.01,,,
Yonge-Jarvis,WB,AM,09/01/2017 10:00,7.29,,,
Yonge-Jarvis,WB,AM,09/01/2017 11:00,7.02,,,
Yonge-Jarvis,WB,PM,09/01/2017 12:00,6.57,,,
Yonge-Jarvis,WB,PM,09/01/2017 13:00,6.21,,,
Yonge-Jarvis,WB,PM,09/01/2017 14:00,6.48,,,
Yonge-Jarvis,WB,PM,09/01/2017 15:00,6.8,,,
Yonge-Jarvis,WB,PM,09/01/2017 16:00,7.56,,,
Yonge-Jarvis,WB,PM,09/01/2017 17:00,8.64,,,
Yonge-Jarvis,WB,PM,09/01/2017 18:00,8.46,,,
Yonge-Jarvis,WB,PM,09/01/2017 19:00,8.01,,,
Yonge-Jarvis,WB,PM,09/01/2017 20:00,6.84,,,
Yonge-Jarvis,WB,PM,09/01/2017 21:00,4.95,,,
Yonge-Jarvis,WB,PM,09/01/2017 22:00,4.5,,,
Yonge-Jarvis,WB,PM,09/01/2017 23:00,4.14,,,
Yonge-Jarvis,EB,AM,09/16/2017 0:00,3.87,,,
Yonge-Jarvis,EB,AM,09/16/2017 1:00,4.05,,,
Yonge-Jarvis,EB,AM,09/16/2017 2:00,3.33,,,
Yonge-Jarvis,EB,AM,09/16/2017 3:00,3.15,,,
Yonge-Jarvis,EB,AM,09/16/2017 4:00,3.24,,,
Yonge-Jarvis,EB,AM,09/16/2017 5:00,3.78,,,
Yonge-Jarvis,EB,AM,09/16/2017 6:00,4.23,,,
Yonge-Jarvis,EB,AM,09/16/2017 7:00,4.6,,,
Yonge-Jarvis,EB,AM,09/16/2017 8:00,4.59,,,
Yonge-Jarvis,EB,AM,09/16/2017 9:00,4.95,,,
Yonge-Jarvis,EB,AM,09/16/2017 10:00,5.22,,,
Yonge-Jarvis,EB,AM,09/16/2017 11:00,6.4,,,
Yonge-Jarvis,EB,PM,09/16/2017 12:00,8.55,,,
Yonge-Jarvis,EB,PM,09/16/2017 13:00,8.91,,,
Yonge-Jarvis,EB,PM,09/16/2017 14:00,8.46,,,
Yonge-Jarvis,EB,PM,09/16/2017 15:00,8.64,,,
Yonge-Jarvis,EB,PM,09/16/2017 16:00,8.55,,,
Yonge-Jarvis,EB,PM,09/16/2017 17:00,8.01,,,
Yonge-Jarvis,EB,PM,09/16/2017 18:00,9.18,,,
Yonge-Jarvis,EB,PM,09/16/2017 19:00,11.25,,,
Yonge-Jarvis,EB,PM,09/16/2017 20:00,10.53,,,
Yonge-Jarvis,EB,PM,09/16/2017 21:00,7.65,,,
Yonge-Jarvis,EB,PM,09/16/2017 22:00,5.24,,,
Yonge-Jarvis,EB,PM,09/16/2017 23:00,4.68,,,
Yonge-Jarvis,WB,AM,09/16/2017 0:00,3.78,,,
Yonge-Jarvis,WB,AM,09/16/2017 1:00,3.42,,,
Yonge-Jarvis,WB,AM,09/16/2017 2:00,3.33,,,
Yonge-Jarvis,WB,AM,09/16/2017 3:00,3.15,,,
Yonge-Jarvis,WB,AM,09/16/2017 4:00,3.24,,,
Yonge-Jarvis,WB,AM,09/16/2017 5:00,3.42,,,
Yonge-Jarvis,WB,AM,09/16/2017 6:00,3.78,,,
Yonge-Jarvis,WB,AM,09/16/2017 7:00,4.05,,,
Yonge-Jarvis,WB,AM,09/16/2017 8:00,4.77,,,
Yonge-Jarvis,WB,AM,09/16/2017 9:00,5.76,,,
Yonge-Jarvis,WB,AM,09/16/2017 10:00,6.48,,,
Yonge-Jarvis,WB,AM,09/16/2017 11:00,7.74,,,
Yonge-Jarvis,WB,PM,09/16/2017 12:00,8.3,,,
Yonge-Jarvis,WB,PM,09/16/2017 13:00,8.55,,,
Yonge-Jarvis,WB,PM,09/16/2017 14:00,9,,,
Yonge-Jarvis,WB,PM,09/16/2017 15:00,8.1,,,
Yonge-Jarvis,WB,PM,09/16/2017 16:00,7.65,,,
Yonge-Jarvis,WB,PM,09/16/2017 17:00,8.1,,,
Yonge-Jarvis,WB,PM,09/16/2017 18:00,8.55,,,
Yonge-Jarvis,WB,PM,09/16/2017 19:00,8.91,,,
Yonge-Jarvis,WB,PM,09/16/2017 20:00,9.18,,,
Yonge-Jarvis,WB,PM,09/16/2017 21:00,7.83,,,
Yonge-Jarvis,WB,PM,09/16/2017 22:00,5.85,,,
Yonge-Jarvis,WB,PM,09/16/2017 23:00,4.86,,,
Yonge-Jarvis,EB,AM,10/01/2017 0:00,4.14,,,
Yonge-Jarvis,EB,AM,10/01/2017 1:00,4.32,,,
Yonge-Jarvis,EB,AM,10/01/2017 2:00,3.6,,,
Yonge-Jarvis,EB,AM,10/01/2017 3:00,3.42,,,
Yonge-Jarvis,EB,AM,10/01/2017 4:00,3.51,,,
Yonge-Jarvis,EB,AM,10/01/2017 5:00,4.05,,,
Yonge-Jarvis,EB,AM,10/01/2017 6:00,4.5,,,
Yonge-Jarvis,EB,AM,10/01/2017 7:00,4.59,,,
Yonge-Jarvis,EB,AM,10/01/2017 8:00,4.86,,,
Yonge-Jarvis,EB,AM,10/01/2017 9:00,5.22,,,
Yonge-Jarvis,EB,AM,10/01/2017 10:00,5.49,,,
Yonge-Jarvis,EB,AM,10/01/2017 11:00,7.29,,,
Yonge-Jarvis,EB,PM,10/01/2017 12:00,8.82,,,
Yonge-Jarvis,EB,PM,10/01/2017 13:00,9.18,,,
Yonge-Jarvis,EB,PM,10/01/2017 14:00,8.73,,,
Yonge-Jarvis,EB,PM,10/01/2017 15:00,8.91,,,
Yonge-Jarvis,EB,PM,10/01/2017 16:00,8.82,,,
Yonge-Jarvis,EB,PM,10/01/2017 17:00,8.28,,,
Yonge-Jarvis,EB,PM,10/01/2017 18:00,9.45,,,
Yonge-Jarvis,EB,PM,10/01/2017 19:00,11,,,
Yonge-Jarvis,EB,PM,10/01/2017 20:00,9,,,
Yonge-Jarvis,EB,PM,10/01/2017 21:00,7.92,,,
Yonge-Jarvis,EB,PM,10/01/2017 22:00,5.04,,,
Yonge-Jarvis,EB,PM,10/01/2017 23:00,4.95,,,
Yonge-Jarvis,EB,AM,10/02/2017 0:00,4.05,,,
Yonge-Jarvis,EB,AM,10/02/2017 1:00,4.86,,,
Yonge-Jarvis,EB,AM,10/02/2017 2:00,4.77,,,
Yonge-Jarvis,EB,AM,10/02/2017 3:00,3.42,,,
Yonge-Jarvis,EB,AM,10/02/2017 4:00,3.33,,,
Yonge-Jarvis,EB,AM,10/02/2017 5:00,4.32,,,
Yonge-Jarvis,EB,AM,10/02/2017 6:00,4.5,,,
Yonge-Jarvis,EB,AM,10/02/2017 7:00,5.04,,,
Yonge-Jarvis,EB,AM,10/02/2017 8:00,7.29,,,
Yonge-Jarvis,EB,AM,10/02/2017 9:00,8.25,,,
Yonge-Jarvis,EB,AM,10/02/2017 10:00,8.01,,,
Yonge-Jarvis,EB,AM,10/02/2017 11:00,7.02,,,
Yonge-Jarvis,EB,PM,10/02/2017 12:00,6.84,,,
Yonge-Jarvis,EB,PM,10/02/2017 13:00,6.57,,,
Yonge-Jarvis,EB,PM,10/02/2017 14:00,7.11,,,
Yonge-Jarvis,EB,PM,10/02/2017 15:00,7.38,,,
Yonge-Jarvis,EB,PM,10/02/2017 16:00,7.92,,,
Yonge-Jarvis,EB,PM,10/02/2017 17:00,8.64,,,
Yonge-Jarvis,EB,PM,10/02/2017 18:00,8.46,,,
Yonge-Jarvis,EB,PM,10/02/2017 19:00,8.28,,,
Yonge-Jarvis,EB,PM,10/02/2017 20:00,7.65,,,
Yonge-Jarvis,EB,PM,10/02/2017 21:00,6.12,,,
Yonge-Jarvis,EB,PM,10/02/2017 22:00,5.13,,,
Yonge-Jarvis,EB,PM,10/02/2017 23:00,4.95,,,
Yonge-Jarvis,WB,AM,10/01/2017 0:00,4.05,,,
Yonge-Jarvis,WB,AM,10/01/2017 1:00,3.69,,,
Yonge-Jarvis,WB,AM,10/01/2017 2:00,3.6,,,
Yonge-Jarvis,WB,AM,10/01/2017 3:00,3.42,,,
Yonge-Jarvis,WB,AM,10/01/2017 4:00,3.51,,,
Yonge-Jarvis,WB,AM,10/01/2017 5:00,3.69,,,
Yonge-Jarvis,WB,AM,10/01/2017 6:00,4.05,,,
Yonge-Jarvis,WB,AM,10/01/2017 7:00,4.32,,,
Yonge-Jarvis,WB,AM,10/01/2017 8:00,5.04,,,
Yonge-Jarvis,WB,AM,10/01/2017 9:00,6.03,,,
Yonge-Jarvis,WB,AM,10/01/2017 10:00,6.75,,,
Yonge-Jarvis,WB,AM,10/01/2017 11:00,8.01,,,
Yonge-Jarvis,WB,PM,10/01/2017 12:00,8.28,,,
Yonge-Jarvis,WB,PM,10/01/2017 13:00,8.5,,,
Yonge-Jarvis,WB,PM,10/01/2017 14:00,9.4,,,
Yonge-Jarvis,WB,PM,10/01/2017 15:00,8.37,,,
Yonge-Jarvis,WB,PM,10/01/2017 16:00,7.92,,,
Yonge-Jarvis,WB,PM,10/01/2017 17:00,8.37,,,
Yonge-Jarvis,WB,PM,10/01/2017 18:00,8.82,,,
Yonge-Jarvis,WB,PM,10/01/2017 19:00,9.18,,,
Yonge-Jarvis,WB,PM,10/01/2017 20:00,9.45,,,
Yonge-Jarvis,WB,PM,10/01/2017 21:00,8.1,,,
Yonge-Jarvis,WB,PM,10/01/2017 22:00,6.12,,,
Yonge-Jarvis,WB,PM,10/01/2017 23:00,5.13,,,
Yonge-Jarvis,WB,AM,10/02/2017 0:00,3.42,,,
Yonge-Jarvis,WB,AM,10/02/2017 1:00,4.59,,,
Yonge-Jarvis,WB,AM,10/02/2017 2:00,4.68,,,
Yonge-Jarvis,WB,AM,10/02/2017 3:00,3.51,,,
Yonge-Jarvis,WB,AM,10/02/2017 4:00,3.42,,,
Yonge-Jarvis,WB,AM,10/02/2017 5:00,4.5,,,
Yonge-Jarvis,WB,AM,10/02/2017 6:00,4.59,,,
Yonge-Jarvis,WB,AM,10/02/2017 7:00,4.95,,,
Yonge-Jarvis,WB,AM,10/02/2017 8:00,6.84,,,
Yonge-Jarvis,WB,AM,10/02/2017 9:00,8.28,,,
Yonge-Jarvis,WB,AM,10/02/2017 10:00,7.56,,,
Yonge-Jarvis,WB,AM,10/02/2017 11:00,7.29,,,
Yonge-Jarvis,WB,PM,10/02/2017 12:00,6.84,,,
Yonge-Jarvis,WB,PM,10/02/2017 13:00,6.48,,,
Yonge-Jarvis,WB,PM,10/02/2017 14:00,6.3,,,
Yonge-Jarvis,WB,PM,10/02/2017 15:00,6.84,,,
Yonge-Jarvis,WB,PM,10/02/2017 16:00,7.83,,,
Yonge-Jarvis,WB,PM,10/02/2017 17:00,8.91,,,
Yonge-Jarvis,WB,PM,10/02/2017 18:00,8.73,,,
Yonge-Jarvis,WB,PM,10/02/2017 19:00,8.28,,,
Yonge-Jarvis,WB,PM,10/02/2017 20:00,7.11,,,
Yonge-Jarvis,WB,PM,10/02/2017 21:00,5.22,,,
Yonge-Jarvis,WB,PM,10/02/2017 22:00,4.77,,,
Yonge-Jarvis,WB,PM,10/02/2017 23:00,4.41,,,
Yonge-Jarvis,EB,AM,11/01/2017 0:00,3.87,,,
Yonge-Jarvis,EB,AM,11/01/2017 1:00,4.68,,,
Yonge-Jarvis,EB,AM,11/01/2017 2:00,4.59,,,
Yonge-Jarvis,EB,AM,11/01/2017 3:00,3.24,,,
Yonge-Jarvis,EB,AM,11/01/2017 4:00,3.15,,,
Yonge-Jarvis,EB,AM,11/01/2017 5:00,4.14,,,
Yonge-Jarvis,EB,AM,11/01/2017 6:00,4.32,,,
Yonge-Jarvis,EB,AM,11/01/2017 7:00,4.86,,,
Yonge-Jarvis,EB,AM,11/01/2017 8:00,7.11,,,
Yonge-Jarvis,EB,AM,11/01/2017 9:00,8.64,,,
Yonge-Jarvis,EB,AM,11/01/2017 10:00,7.83,,,
Yonge-Jarvis,EB,AM,11/01/2017 11:00,6.84,,,
Yonge-Jarvis,EB,PM,11/01/2017 12:00,6.66,,,
Yonge-Jarvis,EB,PM,11/01/2017 13:00,6.39,,,
Yonge-Jarvis,EB,PM,11/01/2017 14:00,6.93,,,
Yonge-Jarvis,EB,PM,11/01/2017 15:00,7.2,,,
Yonge-Jarvis,EB,PM,11/01/2017 16:00,7.74,,,
Yonge-Jarvis,EB,PM,11/01/2017 17:00,8.46,,,
Yonge-Jarvis,EB,PM,11/01/2017 18:00,8.28,,,
Yonge-Jarvis,EB,PM,11/01/2017 19:00,8.1,,,
Yonge-Jarvis,EB,PM,11/01/2017 20:00,7.47,,,
Yonge-Jarvis,EB,PM,11/01/2017 21:00,5.94,,,
Yonge-Jarvis,EB,PM,11/01/2017 22:00,4.95,,,
Yonge-Jarvis,EB,PM,11/01/2017 23:00,4.77,,,
Yonge-Jarvis,EB,AM,11/11/2017 0:00,3.24,,,
Yonge-Jarvis,EB,AM,11/11/2017 1:00,4.41,,,
Yonge-Jarvis,EB,AM,11/11/2017 2:00,4.5,,,
Yonge-Jarvis,EB,AM,11/11/2017 3:00,3.33,,,
Yonge-Jarvis,EB,AM,11/11/2017 4:00,3.24,,,
Yonge-Jarvis,EB,AM,11/11/2017 5:00,4.32,,,
Yonge-Jarvis,EB,AM,11/11/2017 6:00,4.41,,,
Yonge-Jarvis,EB,AM,11/11/2017 7:00,4.77,,,
Yonge-Jarvis,EB,AM,11/11/2017 8:00,6.66,,,
Yonge-Jarvis,EB,AM,11/11/2017 9:00,6.9,,,
Yonge-Jarvis,EB,AM,11/11/2017 10:00,7.38,,,
Yonge-Jarvis,EB,AM,11/11/2017 11:00,7.11,,,
Yonge-Jarvis,EB,PM,11/11/2017 12:00,6.66,,,
Yonge-Jarvis,EB,PM,11/11/2017 13:00,6.3,,,
Yonge-Jarvis,EB,PM,11/11/2017 14:00,6.57,,,
Yonge-Jarvis,EB,PM,11/11/2017 15:00,6.66,,,
Yonge-Jarvis,EB,PM,11/11/2017 16:00,7.65,,,
Yonge-Jarvis,EB,PM,11/11/2017 17:00,8.73,,,
Yonge-Jarvis,EB,PM,11/11/2017 18:00,8.55,,,
Yonge-Jarvis,EB,PM,11/11/2017 19:00,8.1,,,
Yonge-Jarvis,EB,PM,11/11/2017 20:00,6.93,,,
Yonge-Jarvis,EB,PM,11/11/2017 21:00,5.04,,,
Yonge-Jarvis,EB,PM,11/11/2017 22:00,4.59,,,
Yonge-Jarvis,EB,PM,11/11/2017 23:00,4.23,,,
Yonge-Jarvis,WB,AM,11/01/2017 0:00,3.96,,,
Yonge-Jarvis,WB,AM,11/01/2017 1:00,4.14,,,
Yonge-Jarvis,WB,AM,11/01/2017 2:00,3.42,,,
Yonge-Jarvis,WB,AM,11/01/2017 3:00,3.24,,,
Yonge-Jarvis,WB,AM,11/01/2017 4:00,3.33,,,
Yonge-Jarvis,WB,AM,11/01/2017 5:00,3.87,,,
Yonge-Jarvis,WB,AM,11/01/2017 6:00,4.32,,,
Yonge-Jarvis,WB,AM,11/01/2017 7:00,4.41,,,
Yonge-Jarvis,WB,AM,11/01/2017 8:00,7.5,,,
Yonge-Jarvis,WB,AM,11/01/2017 9:00,7.6,,,
Yonge-Jarvis,WB,AM,11/01/2017 10:00,7.3,,,
Yonge-Jarvis,WB,AM,11/01/2017 11:00,7.11,,,
Yonge-Jarvis,WB,PM,11/01/2017 12:00,8.64,,,
Yonge-Jarvis,WB,PM,11/01/2017 13:00,9,,,
Yonge-Jarvis,WB,PM,11/01/2017 14:00,8.55,,,
Yonge-Jarvis,WB,PM,11/01/2017 15:00,8.73,,,
Yonge-Jarvis,WB,PM,11/01/2017 16:00,8.64,,,
Yonge-Jarvis,WB,PM,11/01/2017 17:00,8.1,,,
Yonge-Jarvis,WB,PM,11/01/2017 18:00,9.27,,,
Yonge-Jarvis,WB,PM,11/01/2017 19:00,10.25,,,
Yonge-Jarvis,WB,PM,11/01/2017 20:00,9.7,,,
Yonge-Jarvis,WB,PM,11/01/2017 21:00,7.74,,,
Yonge-Jarvis,WB,PM,11/01/2017 22:00,4.86,,,
Yonge-Jarvis,WB,PM,11/01/2017 23:00,4.77,,,
Yonge-Jarvis,WB,AM,11/11/2017 0:00,3.87,,,
Yonge-Jarvis,WB,AM,11/11/2017 1:00,3.51,,,
Yonge-Jarvis,WB,AM,11/11/2017 2:00,3.42,,,
Yonge-Jarvis,WB,AM,11/11/2017 3:00,3.24,,,
Yonge-Jarvis,WB,AM,11/11/2017 4:00,3.33,,,
Yonge-Jarvis,WB,AM,11/11/2017 5:00,3.51,,,
Yonge-Jarvis,WB,AM,11/11/2017 6:00,3.87,,,
Yonge-Jarvis,WB,AM,11/11/2017 7:00,4.14,,,
Yonge-Jarvis,WB,AM,11/11/2017 8:00,6.7,,,
Yonge-Jarvis,WB,AM,11/11/2017 9:00,7.3,,,
Yonge-Jarvis,WB,AM,11/11/2017 10:00,7.2,,,
Yonge-Jarvis,WB,AM,11/11/2017 11:00,7.83,,,
Yonge-Jarvis,WB,PM,11/11/2017 12:00,8.1,,,
Yonge-Jarvis,WB,PM,11/11/2017 13:00,8.64,,,
Yonge-Jarvis,WB,PM,11/11/2017 14:00,8.82,,,
Yonge-Jarvis,WB,PM,11/11/2017 15:00,8.19,,,
Yonge-Jarvis,WB,PM,11/11/2017 16:00,7.74,,,
Yonge-Jarvis,WB,PM,11/11/2017 17:00,8.19,,,
Yonge-Jarvis,WB,PM,11/11/2017 18:00,8.64,,,
Yonge-Jarvis,WB,PM,11/11/2017 19:00,9,,,
Yonge-Jarvis,WB,PM,11/11/2017 20:00,9.27,,,
Yonge-Jarvis,WB,PM,11/11/2017 21:00,7.92,,,
Yonge-Jarvis,WB,PM,11/11/2017 22:00,5.94,,,
Yonge-Jarvis,WB,PM,11/11/2017 23:00,4.95,,,
Yonge-Jarvis,EB,AM,12/01/2017 0:00,3.6,,,
Yonge-Jarvis,EB,AM,12/01/2017 1:00,4.41,,,
Yonge-Jarvis,EB,AM,12/01/2017 2:00,4.32,,,
Yonge-Jarvis,EB,AM,12/01/2017 3:00,2.97,,,
Yonge-Jarvis,EB,AM,12/01/2017 4:00,2.88,,,
Yonge-Jarvis,EB,AM,12/01/2017 5:00,3.87,,,
Yonge-Jarvis,EB,AM,12/01/2017 6:00,4.05,,,
Yonge-Jarvis,EB,AM,12/01/2017 7:00,4.59,,,
Yonge-Jarvis,EB,AM,12/01/2017 8:00,6.84,,,
Yonge-Jarvis,EB,AM,12/01/2017 9:00,8.37,,,
Yonge-Jarvis,EB,AM,12/01/2017 10:00,7.56,,,
Yonge-Jarvis,EB,AM,12/01/2017 11:00,6.57,,,
Yonge-Jarvis,EB,PM,12/01/2017 12:00,6.39,,,
Yonge-Jarvis,EB,PM,12/01/2017 13:00,6.12,,,
Yonge-Jarvis,EB,PM,12/01/2017 14:00,6.66,,,
Yonge-Jarvis,EB,PM,12/01/2017 15:00,6.93,,,
Yonge-Jarvis,EB,PM,12/01/2017 16:00,7.47,,,
Yonge-Jarvis,EB,PM,12/01/2017 17:00,8.19,,,
Yonge-Jarvis,EB,PM,12/01/2017 18:00,8.01,,,
Yonge-Jarvis,EB,PM,12/01/2017 19:00,7.83,,,
Yonge-Jarvis,EB,PM,12/01/2017 20:00,7.2,,,
Yonge-Jarvis,EB,PM,12/01/2017 21:00,5.67,,,
Yonge-Jarvis,EB,PM,12/01/2017 22:00,4.68,,,
Yonge-Jarvis,EB,PM,12/01/2017 23:00,4.5,,,
Yonge-Jarvis,EB,AM,12/09/2017 0:00,3.69,,,
Yonge-Jarvis,EB,AM,12/09/2017 1:00,3.87,,,
Yonge-Jarvis,EB,AM,12/09/2017 2:00,3.15,,,
Yonge-Jarvis,EB,AM,12/09/2017 3:00,2.97,,,
Yonge-Jarvis,EB,AM,12/09/2017 4:00,3.06,,,
Yonge-Jarvis,EB,AM,12/09/2017 5:00,3.6,,,
Yonge-Jarvis,EB,AM,12/09/2017 6:00,4.05,,,
Yonge-Jarvis,EB,AM,12/09/2017 7:00,4.14,,,
Yonge-Jarvis,EB,AM,12/09/2017 8:00,4.41,,,
Yonge-Jarvis,EB,AM,12/09/2017 9:00,4.77,,,
Yonge-Jarvis,EB,AM,12/09/2017 10:00,5.04,,,
Yonge-Jarvis,EB,AM,12/09/2017 11:00,6.84,,,
Yonge-Jarvis,EB,PM,12/09/2017 12:00,8.37,,,
Yonge-Jarvis,EB,PM,12/09/2017 13:00,8.73,,,
Yonge-Jarvis,EB,PM,12/09/2017 14:00,8.28,,,
Yonge-Jarvis,EB,PM,12/09/2017 15:00,8.46,,,
Yonge-Jarvis,EB,PM,12/09/2017 16:00,8.37,,,
Yonge-Jarvis,EB,PM,12/09/2017 17:00,7.83,,,
Yonge-Jarvis,EB,PM,12/09/2017 18:00,9,,,
Yonge-Jarvis,EB,PM,12/09/2017 19:00,9.34,,,
Yonge-Jarvis,EB,PM,12/09/2017 20:00,8.7,,,
Yonge-Jarvis,EB,PM,12/09/2017 21:00,7.47,,,
Yonge-Jarvis,EB,PM,12/09/2017 22:00,4.59,,,
Yonge-Jarvis,EB,PM,12/09/2017 23:00,4.5,,,
Yonge-Jarvis,WB,AM,12/01/2017 0:00,2.97,,,
Yonge-Jarvis,WB,AM,12/01/2017 1:00,4.14,,,
Yonge-Jarvis,WB,AM,12/01/2017 2:00,4.23,,,
Yonge-Jarvis,WB,AM,12/01/2017 3:00,3.06,,,
Yonge-Jarvis,WB,AM,12/01/2017 4:00,2.97,,,
Yonge-Jarvis,WB,AM,12/01/2017 5:00,4.05,,,
Yonge-Jarvis,WB,AM,12/01/2017 6:00,4.14,,,
Yonge-Jarvis,WB,AM,12/01/2017 7:00,4.5,,,
Yonge-Jarvis,WB,AM,12/01/2017 8:00,6.39,,,
Yonge-Jarvis,WB,AM,12/01/2017 9:00,7.83,,,
Yonge-Jarvis,WB,AM,12/01/2017 10:00,7.11,,,
Yonge-Jarvis,WB,AM,12/01/2017 11:00,6.84,,,
Yonge-Jarvis,WB,PM,12/01/2017 12:00,6.39,,,
Yonge-Jarvis,WB,PM,12/01/2017 13:00,6.03,,,
Yonge-Jarvis,WB,PM,12/01/2017 14:00,6.3,,,
Yonge-Jarvis,WB,PM,12/01/2017 15:00,6.39,,,
Yonge-Jarvis,WB,PM,12/01/2017 16:00,7.38,,,
Yonge-Jarvis,WB,PM,12/01/2017 17:00,8.46,,,
Yonge-Jarvis,WB,PM,12/01/2017 18:00,8.28,,,
Yonge-Jarvis,WB,PM,12/01/2017 19:00,7.83,,,
Yonge-Jarvis,WB,PM,12/01/2017 20:00,6.66,,,
Yonge-Jarvis,WB,PM,12/01/2017 21:00,4.77,,,
Yonge-Jarvis,WB,PM,12/01/2017 22:00,4.32,,,
Yonge-Jarvis,WB,PM,12/01/2017 23:00,3.96,,,
Yonge-Jarvis,WB,AM,12/09/2017 0:00,3.6,,,
Yonge-Jarvis,WB,AM,12/09/2017 1:00,3.24,,,
Yonge-Jarvis,WB,AM,12/09/2017 2:00,3.15,,,
Yonge-Jarvis,WB,AM,12/09/2017 3:00,2.97,,,
Yonge-Jarvis,WB,AM,12/09/2017 4:00,3.06,,,
Yonge-Jarvis,WB,AM,12/09/2017 5:00,3.24,,,
Yonge-Jarvis,WB,AM,12/09/2017 6:00,3.6,,,
Yonge-Jarvis,WB,AM,12/09/2017 7:00,3.87,,,
Yonge-Jarvis,WB,AM,12/09/2017 8:00,4.59,,,
Yonge-Jarvis,WB,AM,12/09/2017 9:00,5.58,,,
Yonge-Jarvis,WB,AM,12/09/2017 10:00,6.3,,,
Yonge-Jarvis,WB,AM,12/09/2017 11:00,7.56,,,
Yonge-Jarvis,WB,PM,12/09/2017 12:00,7.83,,,
Yonge-Jarvis,WB,PM,12/09/2017 13:00,8.37,,,
Yonge-Jarvis,WB,PM,12/09/2017 14:00,8.55,,,
Yonge-Jarvis,WB,PM,12/09/2017 15:00,7.92,,,
Yonge-Jarvis,WB,PM,12/09/2017 16:00,7.47,,,
Yonge-Jarvis,WB,PM,12/09/2017 17:00,7.92,,,
Yonge-Jarvis,WB,PM,12/09/2017 18:00,8.37,,,
Yonge-Jarvis,WB,PM,12/09/2017 19:00,8.73,,,
Yonge-Jarvis,WB,PM,12/09/2017 20:00,9,,,
Yonge-Jarvis,WB,PM,12/09/2017 21:00,7.65,,,
Yonge-Jarvis,WB,PM,12/09/2017 22:00,5.67,,,
Yonge-Jarvis,WB,PM,12/09/2017 23:00,4.68,,,
